<annotation>
	<folder>HollywoodHeads</folder>
	<filename>mov_002_068219.jpeg</filename>
	<source>
		<database>HollywoodHeads 2015 Database</database>
		<annotation>HollywoodHeads 2015</annotation>
		<image>WILLOW</image>
	</source>
	<size>
		<width>704</width>
		<height>416</height>
		<depth>3</depth>
	</size>
	<segmented>0</segmented>
	<object>
		<name>head</name>
		<bndbox>
			<xmin>329</xmin>
			<ymin>116</ymin>
			<xmax>415</xmax>
			<ymax>223</ymax>
		</bndbox>
		<difficult>0</difficult>
	</object>
	<object>
		<name>head</name>
		<bndbox>
			<xmin>224</xmin>
			<ymin>33</ymin>
			<xmax>328</xmax>
			<ymax>163</ymax>
		</bndbox>
		<difficult>0</difficult>
	</object>
</annotation>
