<annotation>
	<folder>HollywoodHeads</folder>
	<filename>mov_001_128274.jpeg</filename>
	<source>
		<database>HollywoodHeads 2015 Database</database>
		<annotation>HollywoodHeads 2015</annotation>
		<image>WILLOW</image>
	</source>
	<size>
		<width>528</width>
		<height>224</height>
		<depth>3</depth>
	</size>
	<segmented>0</segmented>
	<object>
		<name>head</name>
		<bndbox>
			<xmin>338</xmin>
			<ymin>6</ymin>
			<xmax>465</xmax>
			<ymax>168</ymax>
		</bndbox>
		<difficult>0</difficult>
	</object>
	<object>
		<name>head</name>
		<bndbox>
			<xmin>195</xmin>
			<ymin>2</ymin>
			<xmax>254</xmax>
			<ymax>44</ymax>
		</bndbox>
		<difficult>0</difficult>
	</object>
</annotation>
