<annotation>
	<folder>HollywoodHeads</folder>
	<filename>mov_007_079205.jpeg</filename>
	<source>
		<database>HollywoodHeads 2015 Database</database>
		<annotation>HollywoodHeads 2015</annotation>
		<image>WILLOW</image>
	</source>
	<size>
		<width>624</width>
		<height>304</height>
		<depth>3</depth>
	</size>
	<segmented>0</segmented>
	<object>
		<name>head</name>
		<bndbox>
			<xmin>301</xmin>
			<ymin>41</ymin>
			<xmax>353</xmax>
			<ymax>103</ymax>
		</bndbox>
		<difficult>0</difficult>
	</object>
	<object>
		<name>head</name>
		<bndbox>
			<xmin>453</xmin>
			<ymin>37</ymin>
			<xmax>512</xmax>
			<ymax>102</ymax>
		</bndbox>
		<difficult>0</difficult>
	</object>
</annotation>
