<annotation>
	<folder>HollywoodHeads</folder>
	<filename>mov_003_112862.jpeg</filename>
	<source>
		<database>HollywoodHeads 2015 Database</database>
		<annotation>HollywoodHeads 2015</annotation>
		<image>WILLOW</image>
	</source>
	<size>
		<width>576</width>
		<height>304</height>
		<depth>3</depth>
	</size>
	<segmented>0</segmented>
	<object>
		<name>head</name>
		<bndbox>
			<xmin>32</xmin>
			<ymin>11</ymin>
			<xmax>170</xmax>
			<ymax>176</ymax>
		</bndbox>
		<difficult>0</difficult>
	</object>
	<object>
		<name>head</name>
		<bndbox>
			<xmin>426</xmin>
			<ymin>51</ymin>
			<xmax>486</xmax>
			<ymax>124</ymax>
		</bndbox>
		<difficult>0</difficult>
	</object>
</annotation>
