<annotation>
	<folder>HollywoodHeads</folder>
	<filename>mov_004_149596.jpeg</filename>
	<source>
		<database>HollywoodHeads 2015 Database</database>
		<annotation>HollywoodHeads 2015</annotation>
		<image>WILLOW</image>
	</source>
	<size>
		<width>640</width>
		<height>360</height>
		<depth>3</depth>
	</size>
	<segmented>0</segmented>
	<object>
		<name>head</name>
		<bndbox>
			<xmin>443</xmin>
			<ymin>40</ymin>
			<xmax>465</xmax>
			<ymax>57</ymax>
		</bndbox>
		<difficult>0</difficult>
	</object>
	<object>
		<name>head</name>
		<bndbox>
			<xmin>170</xmin>
			<ymin>230</ymin>
			<xmax>202</xmax>
			<ymax>267</ymax>
		</bndbox>
		<difficult>0</difficult>
	</object>
	<object>
		<name>head</name>
		<bndbox>
			<xmin>131</xmin>
			<ymin>277</ymin>
			<xmax>174</xmax>
			<ymax>315</ymax>
		</bndbox>
		<difficult>0</difficult>
	</object>
</annotation>
