<annotation>
	<folder>HollywoodHeads</folder>
	<filename>mov_003_160026.jpeg</filename>
	<source>
		<database>HollywoodHeads 2015 Database</database>
		<annotation>HollywoodHeads 2015</annotation>
		<image>WILLOW</image>
	</source>
	<size>
		<width>576</width>
		<height>304</height>
		<depth>3</depth>
	</size>
	<segmented>0</segmented>
	<object>
		<name>head</name>
		<bndbox>
			<xmin>74</xmin>
			<ymin>41</ymin>
			<xmax>199</xmax>
			<ymax>180</ymax>
		</bndbox>
		<difficult>0</difficult>
	</object>
	<object>
		<name>head</name>
		<bndbox>
			<xmin>265</xmin>
			<ymin>56</ymin>
			<xmax>283</xmax>
			<ymax>77</ymax>
		</bndbox>
		<difficult>0</difficult>
	</object>
	<object>
		<name>head</name>
		<bndbox>
			<xmin>306</xmin>
			<ymin>60</ymin>
			<xmax>318</xmax>
			<ymax>73</ymax>
		</bndbox>
		<difficult>0</difficult>
	</object>
</annotation>
