<annotation>
	<folder>HollywoodHeads</folder>
	<filename>mov_005_071774.jpeg</filename>
	<source>
		<database>HollywoodHeads 2015 Database</database>
		<annotation>HollywoodHeads 2015</annotation>
		<image>WILLOW</image>
	</source>
	<size>
		<width>640</width>
		<height>304</height>
		<depth>3</depth>
	</size>
	<segmented>0</segmented>
	<object>
		<name>head</name>
		<bndbox>
			<xmin>317</xmin>
			<ymin>48</ymin>
			<xmax>385</xmax>
			<ymax>126</ymax>
		</bndbox>
		<difficult>0</difficult>
	</object>
	<object>
		<name>head</name>
		<bndbox>
			<xmin>58</xmin>
			<ymin>53</ymin>
			<xmax>108</xmax>
			<ymax>123</ymax>
		</bndbox>
		<difficult>0</difficult>
	</object>
</annotation>
