<annotation>
	<folder>HollywoodHeads</folder>
	<filename>mov_004_052643.jpeg</filename>
	<source>
		<database>HollywoodHeads 2015 Database</database>
		<annotation>HollywoodHeads 2015</annotation>
		<image>WILLOW</image>
	</source>
	<size>
		<width>640</width>
		<height>360</height>
		<depth>3</depth>
	</size>
	<segmented>0</segmented>
	<object>
		<name>head</name>
		<bndbox>
			<xmin>176</xmin>
			<ymin>132</ymin>
			<xmax>203</xmax>
			<ymax>163</ymax>
		</bndbox>
		<difficult>0</difficult>
	</object>
</annotation>
