<annotation>
	<folder>HollywoodHeads</folder>
	<filename>mov_002_097609.jpeg</filename>
	<source>
		<database>HollywoodHeads 2015 Database</database>
		<annotation>HollywoodHeads 2015</annotation>
		<image>WILLOW</image>
	</source>
	<size>
		<width>704</width>
		<height>416</height>
		<depth>3</depth>
	</size>
	<segmented>0</segmented>
	<object>
		<name>head</name>
		<bndbox>
			<xmin>531</xmin>
			<ymin>56</ymin>
			<xmax>599</xmax>
			<ymax>159</ymax>
		</bndbox>
		<difficult>0</difficult>
	</object>
	<object>
		<name>head</name>
		<bndbox>
			<xmin>187</xmin>
			<ymin>54</ymin>
			<xmax>248</xmax>
			<ymax>139</ymax>
		</bndbox>
		<difficult>0</difficult>
	</object>
</annotation>
