<annotation>
	<folder>HollywoodHeads</folder>
	<filename>mov_006_143048.jpeg</filename>
	<source>
		<database>HollywoodHeads 2015 Database</database>
		<annotation>HollywoodHeads 2015</annotation>
		<image>WILLOW</image>
	</source>
	<size>
		<width>608</width>
		<height>256</height>
		<depth>3</depth>
	</size>
	<segmented>0</segmented>
	<object>
		<name>head</name>
		<bndbox>
			<xmin>250</xmin>
			<ymin>108</ymin>
			<xmax>271</xmax>
			<ymax>136</ymax>
		</bndbox>
		<difficult>0</difficult>
	</object>
	<object>
		<name>head</name>
		<bndbox>
			<xmin>174</xmin>
			<ymin>114</ymin>
			<xmax>196</xmax>
			<ymax>142</ymax>
		</bndbox>
		<difficult>0</difficult>
	</object>
</annotation>
