<annotation>
	<folder>HollywoodHeads</folder>
	<filename>mov_002_189777.jpeg</filename>
	<source>
		<database>HollywoodHeads 2015 Database</database>
		<annotation>HollywoodHeads 2015</annotation>
		<image>WILLOW</image>
	</source>
	<size>
		<width>704</width>
		<height>416</height>
		<depth>3</depth>
	</size>
	<segmented>0</segmented>
	<object>
		<name>head</name>
		<bndbox>
			<xmin>106</xmin>
			<ymin>8</ymin>
			<xmax>373</xmax>
			<ymax>326</ymax>
		</bndbox>
		<difficult>0</difficult>
	</object>
	<object>
		<name>head</name>
		<bndbox>
			<xmin>339</xmin>
			<ymin>3</ymin>
			<xmax>664</xmax>
			<ymax>347</ymax>
		</bndbox>
		<difficult>0</difficult>
	</object>
	<object>
		<name>head</name>
		<bndbox>
			<xmin>332</xmin>
			<ymin>4</ymin>
			<xmax>685</xmax>
			<ymax>364</ymax>
		</bndbox>
		<difficult>0</difficult>
	</object>
	<object>
		<name>head</name>
		<bndbox>
			<xmin>30</xmin>
			<ymin>5</ymin>
			<xmax>375</xmax>
			<ymax>368</ymax>
		</bndbox>
		<difficult>0</difficult>
	</object>
</annotation>
