<annotation>
	<folder>HollywoodHeads</folder>
	<filename>mov_001_012322.jpeg</filename>
	<source>
		<database>HollywoodHeads 2015 Database</database>
		<annotation>HollywoodHeads 2015</annotation>
		<image>WILLOW</image>
	</source>
	<size>
		<width>528</width>
		<height>224</height>
		<depth>3</depth>
	</size>
	<segmented>0</segmented>
	<object>
		<name>head</name>
		<bndbox>
			<xmin>55</xmin>
			<ymin>46</ymin>
			<xmax>105</xmax>
			<ymax>102</ymax>
		</bndbox>
		<difficult>0</difficult>
	</object>
	<object>
		<name>head</name>
		<bndbox>
			<xmin>378</xmin>
			<ymin>4</ymin>
			<xmax>413</xmax>
			<ymax>37</ymax>
		</bndbox>
		<difficult>0</difficult>
	</object>
</annotation>
