<annotation>
	<folder>HollywoodHeads</folder>
	<filename>mov_002_068143.jpeg</filename>
	<source>
		<database>HollywoodHeads 2015 Database</database>
		<annotation>HollywoodHeads 2015</annotation>
		<image>WILLOW</image>
	</source>
	<size>
		<width>704</width>
		<height>416</height>
		<depth>3</depth>
	</size>
	<segmented>0</segmented>
	<object>
		<name>head</name>
		<bndbox>
			<xmin>330</xmin>
			<ymin>124</ymin>
			<xmax>398</xmax>
			<ymax>217</ymax>
		</bndbox>
		<difficult>0</difficult>
	</object>
	<object>
		<name>head</name>
		<bndbox>
			<xmin>224</xmin>
			<ymin>52</ymin>
			<xmax>300</xmax>
			<ymax>160</ymax>
		</bndbox>
		<difficult>0</difficult>
	</object>
</annotation>
