<annotation>
	<folder>HollywoodHeads</folder>
	<filename>mov_002_068161.jpeg</filename>
	<source>
		<database>HollywoodHeads 2015 Database</database>
		<annotation>HollywoodHeads 2015</annotation>
		<image>WILLOW</image>
	</source>
	<size>
		<width>704</width>
		<height>416</height>
		<depth>3</depth>
	</size>
	<segmented>0</segmented>
	<object>
		<name>head</name>
		<bndbox>
			<xmin>327</xmin>
			<ymin>117</ymin>
			<xmax>409</xmax>
			<ymax>214</ymax>
		</bndbox>
		<difficult>0</difficult>
	</object>
	<object>
		<name>head</name>
		<bndbox>
			<xmin>225</xmin>
			<ymin>46</ymin>
			<xmax>309</xmax>
			<ymax>170</ymax>
		</bndbox>
		<difficult>0</difficult>
	</object>
</annotation>
