<annotation>
	<folder>HollywoodHeads</folder>
	<filename>mov_002_147282.jpeg</filename>
	<source>
		<database>HollywoodHeads 2015 Database</database>
		<annotation>HollywoodHeads 2015</annotation>
		<image>WILLOW</image>
	</source>
	<size>
		<width>704</width>
		<height>416</height>
		<depth>3</depth>
	</size>
	<segmented>0</segmented>
	<object>
		<name>head</name>
		<bndbox>
			<xmin>414</xmin>
			<ymin>8</ymin>
			<xmax>686</xmax>
			<ymax>342</ymax>
		</bndbox>
		<difficult>0</difficult>
	</object>
	<object>
		<name>head</name>
		<bndbox>
			<xmin>40</xmin>
			<ymin>47</ymin>
			<xmax>286</xmax>
			<ymax>371</ymax>
		</bndbox>
		<difficult>0</difficult>
	</object>
</annotation>
