<annotation>
	<folder>HollywoodHeads</folder>
	<filename>mov_004_127520.jpeg</filename>
	<source>
		<database>HollywoodHeads 2015 Database</database>
		<annotation>HollywoodHeads 2015</annotation>
		<image>WILLOW</image>
	</source>
	<size>
		<width>640</width>
		<height>360</height>
		<depth>3</depth>
	</size>
	<segmented>0</segmented>
	<object>
		<name>head</name>
		<bndbox>
			<xmin>132</xmin>
			<ymin>50</ymin>
			<xmax>250</xmax>
			<ymax>179</ymax>
		</bndbox>
		<difficult>0</difficult>
	</object>
	<object>
		<name>head</name>
		<bndbox>
			<xmin>354</xmin>
			<ymin>31</ymin>
			<xmax>476</xmax>
			<ymax>157</ymax>
		</bndbox>
		<difficult>0</difficult>
	</object>
</annotation>
