<annotation>
	<folder>HollywoodHeads</folder>
	<filename>mov_002_021888.jpeg</filename>
	<source>
		<database>HollywoodHeads 2015 Database</database>
		<annotation>HollywoodHeads 2015</annotation>
		<image>WILLOW</image>
	</source>
	<size>
		<width>704</width>
		<height>416</height>
		<depth>3</depth>
	</size>
	<segmented>0</segmented>
	<object>
		<name>head</name>
		<bndbox>
			<xmin>49</xmin>
			<ymin>14</ymin>
			<xmax>362</xmax>
			<ymax>283</ymax>
		</bndbox>
		<difficult>0</difficult>
	</object>
	<object>
		<name>head</name>
		<bndbox>
			<xmin>336</xmin>
			<ymin>37</ymin>
			<xmax>627</xmax>
			<ymax>319</ymax>
		</bndbox>
		<difficult>0</difficult>
	</object>
</annotation>
