<annotation>
	<folder>HollywoodHeads</folder>
	<filename>mov_001_110157.jpeg</filename>
	<source>
		<database>HollywoodHeads 2015 Database</database>
		<annotation>HollywoodHeads 2015</annotation>
		<image>WILLOW</image>
	</source>
	<size>
		<width>528</width>
		<height>224</height>
		<depth>3</depth>
	</size>
	<segmented>0</segmented>
	<object>
		<name>head</name>
		<bndbox>
			<xmin>263</xmin>
			<ymin>2</ymin>
			<xmax>332</xmax>
			<ymax>89</ymax>
		</bndbox>
		<difficult>0</difficult>
	</object>
	<object>
		<name>head</name>
		<bndbox>
			<xmin>313</xmin>
			<ymin>52</ymin>
			<xmax>416</xmax>
			<ymax>150</ymax>
		</bndbox>
		<difficult>0</difficult>
	</object>
</annotation>
