<annotation>
	<folder>HollywoodHeads</folder>
	<filename>mov_002_014288.jpeg</filename>
	<source>
		<database>HollywoodHeads 2015 Database</database>
		<annotation>HollywoodHeads 2015</annotation>
		<image>WILLOW</image>
	</source>
	<size>
		<width>704</width>
		<height>416</height>
		<depth>3</depth>
	</size>
	<segmented>0</segmented>
	<object>
		<name>head</name>
		<bndbox>
			<xmin>7</xmin>
			<ymin>6</ymin>
			<xmax>160</xmax>
			<ymax>402</ymax>
		</bndbox>
		<difficult>0</difficult>
	</object>
	<object>
		<name>head</name>
		<bndbox>
			<xmin>348</xmin>
			<ymin>62</ymin>
			<xmax>506</xmax>
			<ymax>277</ymax>
		</bndbox>
		<difficult>0</difficult>
	</object>
</annotation>
