<annotation>
	<folder>HollywoodHeads</folder>
	<filename>mov_001_150968.jpeg</filename>
	<source>
		<database>HollywoodHeads 2015 Database</database>
		<annotation>HollywoodHeads 2015</annotation>
		<image>WILLOW</image>
	</source>
	<size>
		<width>528</width>
		<height>224</height>
		<depth>3</depth>
	</size>
	<segmented>0</segmented>
	<object>
		<name>head</name>
		<bndbox>
			<xmin>98</xmin>
			<ymin>12</ymin>
			<xmax>226</xmax>
			<ymax>165</ymax>
		</bndbox>
		<difficult>0</difficult>
	</object>
	<object>
		<name>head</name>
		<bndbox>
			<xmin>244</xmin>
			<ymin>4</ymin>
			<xmax>388</xmax>
			<ymax>153</ymax>
		</bndbox>
		<difficult>0</difficult>
	</object>
</annotation>
