<annotation>
	<folder>HollywoodHeads</folder>
	<filename>mov_002_013169.jpeg</filename>
	<source>
		<database>HollywoodHeads 2015 Database</database>
		<annotation>HollywoodHeads 2015</annotation>
		<image>WILLOW</image>
	</source>
	<size>
		<width>704</width>
		<height>416</height>
		<depth>3</depth>
	</size>
	<segmented>0</segmented>
	<object>
		<name>head</name>
		<bndbox>
			<xmin>373</xmin>
			<ymin>100</ymin>
			<xmax>428</xmax>
			<ymax>178</ymax>
		</bndbox>
		<difficult>0</difficult>
	</object>
	<object>
		<name>head</name>
		<bndbox>
			<xmin>303</xmin>
			<ymin>95</ymin>
			<xmax>367</xmax>
			<ymax>175</ymax>
		</bndbox>
		<difficult>0</difficult>
	</object>
</annotation>
