<annotation>
	<folder>HollywoodHeads</folder>
	<filename>mov_001_145389.jpeg</filename>
	<source>
		<database>HollywoodHeads 2015 Database</database>
		<annotation>HollywoodHeads 2015</annotation>
		<image>WILLOW</image>
	</source>
	<size>
		<width>528</width>
		<height>224</height>
		<depth>3</depth>
	</size>
	<segmented>0</segmented>
	<object>
		<name>head</name>
		<bndbox>
			<xmin>73</xmin>
			<ymin>4</ymin>
			<xmax>253</xmax>
			<ymax>190</ymax>
		</bndbox>
		<difficult>0</difficult>
	</object>
	<object>
		<name>head</name>
		<bndbox>
			<xmin>231</xmin>
			<ymin>41</ymin>
			<xmax>391</xmax>
			<ymax>189</ymax>
		</bndbox>
		<difficult>0</difficult>
	</object>
</annotation>
