<annotation>
	<folder>HollywoodHeads</folder>
	<filename>mov_002_109840.jpeg</filename>
	<source>
		<database>HollywoodHeads 2015 Database</database>
		<annotation>HollywoodHeads 2015</annotation>
		<image>WILLOW</image>
	</source>
	<size>
		<width>704</width>
		<height>416</height>
		<depth>3</depth>
	</size>
	<segmented>0</segmented>
	<object>
		<name>head</name>
		<bndbox>
			<xmin>176</xmin>
			<ymin>27</ymin>
			<xmax>416</xmax>
			<ymax>337</ymax>
		</bndbox>
		<difficult>0</difficult>
	</object>
</annotation>
