<annotation>
	<folder>HollywoodHeads</folder>
	<filename>mov_005_005471.jpeg</filename>
	<source>
		<database>HollywoodHeads 2015 Database</database>
		<annotation>HollywoodHeads 2015</annotation>
		<image>WILLOW</image>
	</source>
	<size>
		<width>640</width>
		<height>304</height>
		<depth>3</depth>
	</size>
	<segmented>0</segmented>
	<object>
		<name>head</name>
		<bndbox>
			<xmin>40</xmin>
			<ymin>6</ymin>
			<xmax>124</xmax>
			<ymax>71</ymax>
		</bndbox>
		<difficult>0</difficult>
	</object>
	<object>
		<name>head</name>
		<bndbox>
			<xmin>247</xmin>
			<ymin>75</ymin>
			<xmax>274</xmax>
			<ymax>108</ymax>
		</bndbox>
		<difficult>0</difficult>
	</object>
	<object>
		<name>head</name>
		<bndbox>
			<xmin>441</xmin>
			<ymin>6</ymin>
			<xmax>524</xmax>
			<ymax>73</ymax>
		</bndbox>
		<difficult>0</difficult>
	</object>
</annotation>
