<annotation>
	<folder>HollywoodHeads</folder>
	<filename>mov_001_150877.jpeg</filename>
	<source>
		<database>HollywoodHeads 2015 Database</database>
		<annotation>HollywoodHeads 2015</annotation>
		<image>WILLOW</image>
	</source>
	<size>
		<width>528</width>
		<height>224</height>
		<depth>3</depth>
	</size>
	<segmented>0</segmented>
	<object>
		<name>head</name>
		<bndbox>
			<xmin>87</xmin>
			<ymin>12</ymin>
			<xmax>216</xmax>
			<ymax>168</ymax>
		</bndbox>
		<difficult>0</difficult>
	</object>
	<object>
		<name>head</name>
		<bndbox>
			<xmin>241</xmin>
			<ymin>4</ymin>
			<xmax>383</xmax>
			<ymax>157</ymax>
		</bndbox>
		<difficult>0</difficult>
	</object>
</annotation>
