<annotation>
	<folder>HollywoodHeads</folder>
	<filename>mov_002_091509.jpeg</filename>
	<source>
		<database>HollywoodHeads 2015 Database</database>
		<annotation>HollywoodHeads 2015</annotation>
		<image>WILLOW</image>
	</source>
	<size>
		<width>704</width>
		<height>416</height>
		<depth>3</depth>
	</size>
	<segmented>0</segmented>
	<object>
		<name>head</name>
		<bndbox>
			<xmin>86</xmin>
			<ymin>53</ymin>
			<xmax>263</xmax>
			<ymax>280</ymax>
		</bndbox>
		<difficult>0</difficult>
	</object>
	<object>
		<name>head</name>
		<bndbox>
			<xmin>456</xmin>
			<ymin>45</ymin>
			<xmax>643</xmax>
			<ymax>264</ymax>
		</bndbox>
		<difficult>0</difficult>
	</object>
</annotation>
