<annotation>
	<folder>HollywoodHeads</folder>
	<filename>mov_006_036482.jpeg</filename>
	<source>
		<database>HollywoodHeads 2015 Database</database>
		<annotation>HollywoodHeads 2015</annotation>
		<image>WILLOW</image>
	</source>
	<size>
		<width>608</width>
		<height>256</height>
		<depth>3</depth>
	</size>
	<segmented>0</segmented>
	<object>
		<name>head</name>
		<bndbox>
			<xmin>94</xmin>
			<ymin>80</ymin>
			<xmax>129</xmax>
			<ymax>118</ymax>
		</bndbox>
		<difficult>0</difficult>
	</object>
	<object>
		<name>head</name>
		<bndbox>
			<xmin>205</xmin>
			<ymin>5</ymin>
			<xmax>250</xmax>
			<ymax>40</ymax>
		</bndbox>
		<difficult>0</difficult>
	</object>
	<object>
		<name>head</name>
		<bndbox>
			<xmin>440</xmin>
			<ymin>99</ymin>
			<xmax>497</xmax>
			<ymax>148</ymax>
		</bndbox>
		<difficult>0</difficult>
	</object>
</annotation>
