<annotation>
	<folder>HollywoodHeads</folder>
	<filename>mov_004_149689.jpeg</filename>
	<source>
		<database>HollywoodHeads 2015 Database</database>
		<annotation>HollywoodHeads 2015</annotation>
		<image>WILLOW</image>
	</source>
	<size>
		<width>640</width>
		<height>360</height>
		<depth>3</depth>
	</size>
	<segmented>0</segmented>
	<object>
		<name>head</name>
		<bndbox>
			<xmin>207</xmin>
			<ymin>252</ymin>
			<xmax>231</xmax>
			<ymax>278</ymax>
		</bndbox>
		<difficult>0</difficult>
	</object>
	<object>
		<name>head</name>
		<bndbox>
			<xmin>191</xmin>
			<ymin>296</ymin>
			<xmax>222</xmax>
			<ymax>326</ymax>
		</bndbox>
		<difficult>0</difficult>
	</object>
</annotation>
