<annotation>
	<folder>HollywoodHeads</folder>
	<filename>mov_002_023912.jpeg</filename>
	<source>
		<database>HollywoodHeads 2015 Database</database>
		<annotation>HollywoodHeads 2015</annotation>
		<image>WILLOW</image>
	</source>
	<size>
		<width>704</width>
		<height>416</height>
		<depth>3</depth>
	</size>
	<segmented>0</segmented>
	<object>
		<name>head</name>
		<bndbox>
			<xmin>463</xmin>
			<ymin>269</ymin>
			<xmax>507</xmax>
			<ymax>312</ymax>
		</bndbox>
		<difficult>0</difficult>
	</object>
	<object>
		<name>head</name>
		<bndbox>
			<xmin>319</xmin>
			<ymin>39</ymin>
			<xmax>427</xmax>
			<ymax>186</ymax>
		</bndbox>
		<difficult>0</difficult>
	</object>
</annotation>
