<annotation>
	<folder>HollywoodHeads</folder>
	<filename>mov_003_046550.jpeg</filename>
	<source>
		<database>HollywoodHeads 2015 Database</database>
		<annotation>HollywoodHeads 2015</annotation>
		<image>WILLOW</image>
	</source>
	<size>
		<width>576</width>
		<height>304</height>
		<depth>3</depth>
	</size>
	<segmented>0</segmented>
	<object>
		<name>head</name>
		<bndbox>
			<xmin>447</xmin>
			<ymin>146</ymin>
			<xmax>484</xmax>
			<ymax>186</ymax>
		</bndbox>
		<difficult>0</difficult>
	</object>
	<object>
		<name>head</name>
		<bndbox>
			<xmin>122</xmin>
			<ymin>150</ymin>
			<xmax>157</xmax>
			<ymax>190</ymax>
		</bndbox>
		<difficult>0</difficult>
	</object>
	<object>
		<name>head</name>
		<bndbox>
			<xmin>268</xmin>
			<ymin>133</ymin>
			<xmax>297</xmax>
			<ymax>167</ymax>
		</bndbox>
		<difficult>0</difficult>
	</object>
</annotation>
