<annotation>
	<folder>HollywoodHeads</folder>
	<filename>mov_003_164612.jpeg</filename>
	<source>
		<database>HollywoodHeads 2015 Database</database>
		<annotation>HollywoodHeads 2015</annotation>
		<image>WILLOW</image>
	</source>
	<size>
		<width>576</width>
		<height>304</height>
		<depth>3</depth>
	</size>
	<segmented>0</segmented>
	<object>
		<name>head</name>
		<bndbox>
			<xmin>77</xmin>
			<ymin>5</ymin>
			<xmax>291</xmax>
			<ymax>230</ymax>
		</bndbox>
		<difficult>0</difficult>
	</object>
	<object>
		<name>head</name>
		<bndbox>
			<xmin>397</xmin>
			<ymin>123</ymin>
			<xmax>573</xmax>
			<ymax>299</ymax>
		</bndbox>
		<difficult>0</difficult>
	</object>
</annotation>
