<annotation>
	<folder>HollywoodHeads</folder>
	<filename>mov_002_146841.jpeg</filename>
	<source>
		<database>HollywoodHeads 2015 Database</database>
		<annotation>HollywoodHeads 2015</annotation>
		<image>WILLOW</image>
	</source>
	<size>
		<width>704</width>
		<height>416</height>
		<depth>3</depth>
	</size>
	<segmented>0</segmented>
	<object>
		<name>head</name>
		<bndbox>
			<xmin>368</xmin>
			<ymin>4</ymin>
			<xmax>690</xmax>
			<ymax>336</ymax>
		</bndbox>
		<difficult>0</difficult>
	</object>
	<object>
		<name>head</name>
		<bndbox>
			<xmin>63</xmin>
			<ymin>8</ymin>
			<xmax>394</xmax>
			<ymax>328</ymax>
		</bndbox>
		<difficult>0</difficult>
	</object>
</annotation>
