<annotation>
	<folder>HollywoodHeads</folder>
	<filename>mov_001_156358.jpeg</filename>
	<source>
		<database>HollywoodHeads 2015 Database</database>
		<annotation>HollywoodHeads 2015</annotation>
		<image>WILLOW</image>
	</source>
	<size>
		<width>528</width>
		<height>224</height>
		<depth>3</depth>
	</size>
	<segmented>0</segmented>
	<object>
		<name>head</name>
		<bndbox>
			<xmin>161</xmin>
			<ymin>4</ymin>
			<xmax>311</xmax>
			<ymax>177</ymax>
		</bndbox>
		<difficult>0</difficult>
	</object>
	<object>
		<name>head</name>
		<bndbox>
			<xmin>288</xmin>
			<ymin>8</ymin>
			<xmax>421</xmax>
			<ymax>151</ymax>
		</bndbox>
		<difficult>0</difficult>
	</object>
</annotation>
