<annotation>
	<folder>HollywoodHeads</folder>
	<filename>mov_001_151364.jpeg</filename>
	<source>
		<database>HollywoodHeads 2015 Database</database>
		<annotation>HollywoodHeads 2015</annotation>
		<image>WILLOW</image>
	</source>
	<size>
		<width>528</width>
		<height>224</height>
		<depth>3</depth>
	</size>
	<segmented>0</segmented>
	<object>
		<name>head</name>
		<bndbox>
			<xmin>122</xmin>
			<ymin>15</ymin>
			<xmax>255</xmax>
			<ymax>166</ymax>
		</bndbox>
		<difficult>0</difficult>
	</object>
	<object>
		<name>head</name>
		<bndbox>
			<xmin>240</xmin>
			<ymin>3</ymin>
			<xmax>401</xmax>
			<ymax>148</ymax>
		</bndbox>
		<difficult>0</difficult>
	</object>
</annotation>
