<annotation>
	<folder>HollywoodHeads</folder>
	<filename>mov_004_105617.jpeg</filename>
	<source>
		<database>HollywoodHeads 2015 Database</database>
		<annotation>HollywoodHeads 2015</annotation>
		<image>WILLOW</image>
	</source>
	<size>
		<width>640</width>
		<height>360</height>
		<depth>3</depth>
	</size>
	<segmented>0</segmented>
	<object>
		<name>head</name>
		<bndbox>
			<xmin>457</xmin>
			<ymin>76</ymin>
			<xmax>572</xmax>
			<ymax>179</ymax>
		</bndbox>
		<difficult>0</difficult>
	</object>
	<object>
		<name>head</name>
		<bndbox>
			<xmin>83</xmin>
			<ymin>56</ymin>
			<xmax>194</xmax>
			<ymax>161</ymax>
		</bndbox>
		<difficult>0</difficult>
	</object>
	<object>
		<name>head</name>
		<bndbox>
			<xmin>334</xmin>
			<ymin>93</ymin>
			<xmax>405</xmax>
			<ymax>174</ymax>
		</bndbox>
		<difficult>0</difficult>
	</object>
</annotation>
