<annotation>
	<folder>HollywoodHeads</folder>
	<filename>mov_001_084293.jpeg</filename>
	<source>
		<database>HollywoodHeads 2015 Database</database>
		<annotation>HollywoodHeads 2015</annotation>
		<image>WILLOW</image>
	</source>
	<size>
		<width>528</width>
		<height>224</height>
		<depth>3</depth>
	</size>
	<segmented>0</segmented>
	<object>
		<name>head</name>
		<bndbox>
			<xmin>48</xmin>
			<ymin>15</ymin>
			<xmax>200</xmax>
			<ymax>188</ymax>
		</bndbox>
		<difficult>0</difficult>
	</object>
	<object>
		<name>head</name>
		<bndbox>
			<xmin>180</xmin>
			<ymin>5</ymin>
			<xmax>379</xmax>
			<ymax>189</ymax>
		</bndbox>
		<difficult>0</difficult>
	</object>
</annotation>
