<annotation>
	<folder>HollywoodHeads</folder>
	<filename>mov_001_130095.jpeg</filename>
	<source>
		<database>HollywoodHeads 2015 Database</database>
		<annotation>HollywoodHeads 2015</annotation>
		<image>WILLOW</image>
	</source>
	<size>
		<width>528</width>
		<height>224</height>
		<depth>3</depth>
	</size>
	<segmented>0</segmented>
	<object>
		<name>head</name>
		<bndbox>
			<xmin>230</xmin>
			<ymin>56</ymin>
			<xmax>304</xmax>
			<ymax>152</ymax>
		</bndbox>
		<difficult>0</difficult>
	</object>
	<object>
		<name>head</name>
		<bndbox>
			<xmin>294</xmin>
			<ymin>21</ymin>
			<xmax>331</xmax>
			<ymax>59</ymax>
		</bndbox>
		<difficult>0</difficult>
	</object>
</annotation>
