<annotation>
	<folder>HollywoodHeads</folder>
	<filename>mov_002_014275.jpeg</filename>
	<source>
		<database>HollywoodHeads 2015 Database</database>
		<annotation>HollywoodHeads 2015</annotation>
		<image>WILLOW</image>
	</source>
	<size>
		<width>704</width>
		<height>416</height>
		<depth>3</depth>
	</size>
	<segmented>0</segmented>
	<object>
		<name>head</name>
		<bndbox>
			<xmin>7</xmin>
			<ymin>6</ymin>
			<xmax>164</xmax>
			<ymax>402</ymax>
		</bndbox>
		<difficult>0</difficult>
	</object>
	<object>
		<name>head</name>
		<bndbox>
			<xmin>359</xmin>
			<ymin>25</ymin>
			<xmax>528</xmax>
			<ymax>266</ymax>
		</bndbox>
		<difficult>0</difficult>
	</object>
</annotation>
