<annotation>
	<folder>HollywoodHeads</folder>
	<filename>mov_007_080866.jpeg</filename>
	<source>
		<database>HollywoodHeads 2015 Database</database>
		<annotation>HollywoodHeads 2015</annotation>
		<image>WILLOW</image>
	</source>
	<size>
		<width>624</width>
		<height>304</height>
		<depth>3</depth>
	</size>
	<segmented>0</segmented>
	<object>
		<name>head</name>
		<bndbox>
			<xmin>453</xmin>
			<ymin>37</ymin>
			<xmax>510</xmax>
			<ymax>96</ymax>
		</bndbox>
		<difficult>0</difficult>
	</object>
	<object>
		<name>head</name>
		<bndbox>
			<xmin>286</xmin>
			<ymin>48</ymin>
			<xmax>342</xmax>
			<ymax>109</ymax>
		</bndbox>
		<difficult>0</difficult>
	</object>
	<object>
		<name>head</name>
		<bndbox>
			<xmin>92</xmin>
			<ymin>38</ymin>
			<xmax>169</xmax>
			<ymax>115</ymax>
		</bndbox>
		<difficult>0</difficult>
	</object>
</annotation>
