<annotation>
	<folder>HollywoodHeads</folder>
	<filename>mov_001_130574.jpeg</filename>
	<source>
		<database>HollywoodHeads 2015 Database</database>
		<annotation>HollywoodHeads 2015</annotation>
		<image>WILLOW</image>
	</source>
	<size>
		<width>528</width>
		<height>224</height>
		<depth>3</depth>
	</size>
	<segmented>0</segmented>
	<object>
		<name>head</name>
		<bndbox>
			<xmin>196</xmin>
			<ymin>15</ymin>
			<xmax>326</xmax>
			<ymax>148</ymax>
		</bndbox>
		<difficult>0</difficult>
	</object>
	<object>
		<name>head</name>
		<bndbox>
			<xmin>346</xmin>
			<ymin>9</ymin>
			<xmax>516</xmax>
			<ymax>198</ymax>
		</bndbox>
		<difficult>0</difficult>
	</object>
</annotation>
