<annotation>
	<folder>HollywoodHeads</folder>
	<filename>mov_005_039328.jpeg</filename>
	<source>
		<database>HollywoodHeads 2015 Database</database>
		<annotation>HollywoodHeads 2015</annotation>
		<image>WILLOW</image>
	</source>
	<size>
		<width>640</width>
		<height>304</height>
		<depth>3</depth>
	</size>
	<segmented>0</segmented>
	<object>
		<name>head</name>
		<bndbox>
			<xmin>259</xmin>
			<ymin>36</ymin>
			<xmax>388</xmax>
			<ymax>184</ymax>
		</bndbox>
		<difficult>0</difficult>
	</object>
	<object>
		<name>head</name>
		<bndbox>
			<xmin>394</xmin>
			<ymin>149</ymin>
			<xmax>624</xmax>
			<ymax>294</ymax>
		</bndbox>
		<difficult>0</difficult>
	</object>
</annotation>
