<annotation>
	<folder>HollywoodHeads</folder>
	<filename>mov_003_011009.jpeg</filename>
	<source>
		<database>HollywoodHeads 2015 Database</database>
		<annotation>HollywoodHeads 2015</annotation>
		<image>WILLOW</image>
	</source>
	<size>
		<width>576</width>
		<height>304</height>
		<depth>3</depth>
	</size>
	<segmented>0</segmented>
	<object>
		<name>head</name>
		<bndbox>
			<xmin>261</xmin>
			<ymin>29</ymin>
			<xmax>305</xmax>
			<ymax>78</ymax>
		</bndbox>
		<difficult>0</difficult>
	</object>
	<object>
		<name>head</name>
		<bndbox>
			<xmin>347</xmin>
			<ymin>58</ymin>
			<xmax>377</xmax>
			<ymax>98</ymax>
		</bndbox>
		<difficult>0</difficult>
	</object>
</annotation>
