<annotation>
	<folder>HollywoodHeads</folder>
	<filename>mov_003_011343.jpeg</filename>
	<source>
		<database>HollywoodHeads 2015 Database</database>
		<annotation>HollywoodHeads 2015</annotation>
		<image>WILLOW</image>
	</source>
	<size>
		<width>576</width>
		<height>304</height>
		<depth>3</depth>
	</size>
	<segmented>0</segmented>
	<object>
		<name>head</name>
		<bndbox>
			<xmin>327</xmin>
			<ymin>47</ymin>
			<xmax>375</xmax>
			<ymax>110</ymax>
		</bndbox>
		<difficult>0</difficult>
	</object>
	<object>
		<name>head</name>
		<bndbox>
			<xmin>227</xmin>
			<ymin>17</ymin>
			<xmax>307</xmax>
			<ymax>118</ymax>
		</bndbox>
		<difficult>0</difficult>
	</object>
</annotation>
