<annotation>
	<folder>HollywoodHeads</folder>
	<filename>mov_002_080023.jpeg</filename>
	<source>
		<database>HollywoodHeads 2015 Database</database>
		<annotation>HollywoodHeads 2015</annotation>
		<image>WILLOW</image>
	</source>
	<size>
		<width>704</width>
		<height>416</height>
		<depth>3</depth>
	</size>
	<segmented>0</segmented>
	<object>
		<name>head</name>
		<bndbox>
			<xmin>302</xmin>
			<ymin>7</ymin>
			<xmax>469</xmax>
			<ymax>309</ymax>
		</bndbox>
		<difficult>0</difficult>
	</object>
	<object>
		<name>head</name>
		<bndbox>
			<xmin>132</xmin>
			<ymin>1</ymin>
			<xmax>385</xmax>
			<ymax>304</ymax>
		</bndbox>
		<difficult>0</difficult>
	</object>
</annotation>
