<annotation>
	<folder>HollywoodHeads</folder>
	<filename>mov_001_083861.jpeg</filename>
	<source>
		<database>HollywoodHeads 2015 Database</database>
		<annotation>HollywoodHeads 2015</annotation>
		<image>WILLOW</image>
	</source>
	<size>
		<width>528</width>
		<height>224</height>
		<depth>3</depth>
	</size>
	<segmented>0</segmented>
	<object>
		<name>head</name>
		<bndbox>
			<xmin>162</xmin>
			<ymin>53</ymin>
			<xmax>239</xmax>
			<ymax>155</ymax>
		</bndbox>
		<difficult>0</difficult>
	</object>
	<object>
		<name>head</name>
		<bndbox>
			<xmin>290</xmin>
			<ymin>11</ymin>
			<xmax>411</xmax>
			<ymax>130</ymax>
		</bndbox>
		<difficult>0</difficult>
	</object>
</annotation>
