<annotation>
	<folder>HollywoodHeads</folder>
	<filename>mov_001_048577.jpeg</filename>
	<source>
		<database>HollywoodHeads 2015 Database</database>
		<annotation>HollywoodHeads 2015</annotation>
		<image>WILLOW</image>
	</source>
	<size>
		<width>528</width>
		<height>224</height>
		<depth>3</depth>
	</size>
	<segmented>0</segmented>
	<object>
		<name>head</name>
		<bndbox>
			<xmin>348</xmin>
			<ymin>83</ymin>
			<xmax>358</xmax>
			<ymax>95</ymax>
		</bndbox>
		<difficult>0</difficult>
	</object>
	<object>
		<name>head</name>
		<bndbox>
			<xmin>389</xmin>
			<ymin>82</ymin>
			<xmax>401</xmax>
			<ymax>96</ymax>
		</bndbox>
		<difficult>0</difficult>
	</object>
</annotation>
