<annotation>
	<folder>HollywoodHeads</folder>
	<filename>mov_006_143418.jpeg</filename>
	<source>
		<database>HollywoodHeads 2015 Database</database>
		<annotation>HollywoodHeads 2015</annotation>
		<image>WILLOW</image>
	</source>
	<size>
		<width>608</width>
		<height>256</height>
		<depth>3</depth>
	</size>
	<segmented>0</segmented>
	<object>
		<name>head</name>
		<bndbox>
			<xmin>372</xmin>
			<ymin>52</ymin>
			<xmax>421</xmax>
			<ymax>121</ymax>
		</bndbox>
		<difficult>0</difficult>
	</object>
	<object>
		<name>head</name>
		<bndbox>
			<xmin>198</xmin>
			<ymin>60</ymin>
			<xmax>247</xmax>
			<ymax>122</ymax>
		</bndbox>
		<difficult>0</difficult>
	</object>
</annotation>
