<annotation>
	<folder>HollywoodHeads</folder>
	<filename>mov_007_079261.jpeg</filename>
	<source>
		<database>HollywoodHeads 2015 Database</database>
		<annotation>HollywoodHeads 2015</annotation>
		<image>WILLOW</image>
	</source>
	<size>
		<width>624</width>
		<height>304</height>
		<depth>3</depth>
	</size>
	<segmented>0</segmented>
	<object>
		<name>head</name>
		<bndbox>
			<xmin>266</xmin>
			<ymin>43</ymin>
			<xmax>324</xmax>
			<ymax>101</ymax>
		</bndbox>
		<difficult>0</difficult>
	</object>
	<object>
		<name>head</name>
		<bndbox>
			<xmin>452</xmin>
			<ymin>38</ymin>
			<xmax>514</xmax>
			<ymax>100</ymax>
		</bndbox>
		<difficult>0</difficult>
	</object>
</annotation>
