<annotation>
	<folder>HollywoodHeads</folder>
	<filename>mov_002_153655.jpeg</filename>
	<source>
		<database>HollywoodHeads 2015 Database</database>
		<annotation>HollywoodHeads 2015</annotation>
		<image>WILLOW</image>
	</source>
	<size>
		<width>704</width>
		<height>416</height>
		<depth>3</depth>
	</size>
	<segmented>0</segmented>
	<object>
		<name>head</name>
		<bndbox>
			<xmin>1</xmin>
			<ymin>82</ymin>
			<xmax>107</xmax>
			<ymax>322</ymax>
		</bndbox>
		<difficult>0</difficult>
	</object>
	<object>
		<name>head</name>
		<bndbox>
			<xmin>581</xmin>
			<ymin>60</ymin>
			<xmax>616</xmax>
			<ymax>104</ymax>
		</bndbox>
		<difficult>0</difficult>
	</object>
</annotation>
