<annotation>
	<folder>HollywoodHeads</folder>
	<filename>mov_006_115200.jpeg</filename>
	<source>
		<database>HollywoodHeads 2015 Database</database>
		<annotation>HollywoodHeads 2015</annotation>
		<image>WILLOW</image>
	</source>
	<size>
		<width>608</width>
		<height>256</height>
		<depth>3</depth>
	</size>
	<segmented>0</segmented>
	<object>
		<name>head</name>
		<bndbox>
			<xmin>236</xmin>
			<ymin>16</ymin>
			<xmax>285</xmax>
			<ymax>77</ymax>
		</bndbox>
		<difficult>0</difficult>
	</object>
	<object>
		<name>head</name>
		<bndbox>
			<xmin>401</xmin>
			<ymin>27</ymin>
			<xmax>471</xmax>
			<ymax>111</ymax>
		</bndbox>
		<difficult>0</difficult>
	</object>
</annotation>
