<annotation>
	<folder>HollywoodHeads</folder>
	<filename>mov_003_107340.jpeg</filename>
	<source>
		<database>HollywoodHeads 2015 Database</database>
		<annotation>HollywoodHeads 2015</annotation>
		<image>WILLOW</image>
	</source>
	<size>
		<width>576</width>
		<height>304</height>
		<depth>3</depth>
	</size>
	<segmented>0</segmented>
	<object>
		<name>head</name>
		<bndbox>
			<xmin>269</xmin>
			<ymin>20</ymin>
			<xmax>447</xmax>
			<ymax>201</ymax>
		</bndbox>
		<difficult>0</difficult>
	</object>
	<object>
		<name>head</name>
		<bndbox>
			<xmin>41</xmin>
			<ymin>59</ymin>
			<xmax>230</xmax>
			<ymax>274</ymax>
		</bndbox>
		<difficult>0</difficult>
	</object>
</annotation>
