<annotation>
	<folder>HollywoodHeads</folder>
	<filename>mov_005_154134.jpeg</filename>
	<source>
		<database>HollywoodHeads 2015 Database</database>
		<annotation>HollywoodHeads 2015</annotation>
		<image>WILLOW</image>
	</source>
	<size>
		<width>640</width>
		<height>304</height>
		<depth>3</depth>
	</size>
	<segmented>0</segmented>
	<object>
		<name>head</name>
		<bndbox>
			<xmin>311</xmin>
			<ymin>62</ymin>
			<xmax>514</xmax>
			<ymax>230</ymax>
		</bndbox>
		<difficult>0</difficult>
	</object>
	<object>
		<name>head</name>
		<bndbox>
			<xmin>399</xmin>
			<ymin>222</ymin>
			<xmax>605</xmax>
			<ymax>298</ymax>
		</bndbox>
		<difficult>0</difficult>
	</object>
</annotation>
