<annotation>
	<folder>HollywoodHeads</folder>
	<filename>mov_003_082751.jpeg</filename>
	<source>
		<database>HollywoodHeads 2015 Database</database>
		<annotation>HollywoodHeads 2015</annotation>
		<image>WILLOW</image>
	</source>
	<size>
		<width>576</width>
		<height>304</height>
		<depth>3</depth>
	</size>
	<segmented>0</segmented>
	<object>
		<name>head</name>
		<bndbox>
			<xmin>180</xmin>
			<ymin>72</ymin>
			<xmax>209</xmax>
			<ymax>108</ymax>
		</bndbox>
		<difficult>0</difficult>
	</object>
	<object>
		<name>head</name>
		<bndbox>
			<xmin>249</xmin>
			<ymin>74</ymin>
			<xmax>272</xmax>
			<ymax>110</ymax>
		</bndbox>
		<difficult>0</difficult>
	</object>
	<object>
		<name>head</name>
		<bndbox>
			<xmin>339</xmin>
			<ymin>97</ymin>
			<xmax>362</xmax>
			<ymax>128</ymax>
		</bndbox>
		<difficult>0</difficult>
	</object>
</annotation>
