<annotation>
	<folder>HollywoodHeads</folder>
	<filename>mov_001_136334.jpeg</filename>
	<source>
		<database>HollywoodHeads 2015 Database</database>
		<annotation>HollywoodHeads 2015</annotation>
		<image>WILLOW</image>
	</source>
	<size>
		<width>528</width>
		<height>224</height>
		<depth>3</depth>
	</size>
	<segmented>0</segmented>
	<object>
		<name>head</name>
		<bndbox>
			<xmin>304</xmin>
			<ymin>5</ymin>
			<xmax>403</xmax>
			<ymax>126</ymax>
		</bndbox>
		<difficult>0</difficult>
	</object>
</annotation>
