<annotation>
	<folder>HollywoodHeads</folder>
	<filename>mov_005_039472.jpeg</filename>
	<source>
		<database>HollywoodHeads 2015 Database</database>
		<annotation>HollywoodHeads 2015</annotation>
		<image>WILLOW</image>
	</source>
	<size>
		<width>640</width>
		<height>304</height>
		<depth>3</depth>
	</size>
	<segmented>0</segmented>
	<object>
		<name>head</name>
		<bndbox>
			<xmin>234</xmin>
			<ymin>51</ymin>
			<xmax>363</xmax>
			<ymax>185</ymax>
		</bndbox>
		<difficult>0</difficult>
	</object>
	<object>
		<name>head</name>
		<bndbox>
			<xmin>391</xmin>
			<ymin>157</ymin>
			<xmax>628</xmax>
			<ymax>295</ymax>
		</bndbox>
		<difficult>0</difficult>
	</object>
</annotation>
