<annotation>
	<folder>HollywoodHeads</folder>
	<filename>mov_003_049232.jpeg</filename>
	<source>
		<database>HollywoodHeads 2015 Database</database>
		<annotation>HollywoodHeads 2015</annotation>
		<image>WILLOW</image>
	</source>
	<size>
		<width>576</width>
		<height>304</height>
		<depth>3</depth>
	</size>
	<segmented>0</segmented>
	<object>
		<name>head</name>
		<bndbox>
			<xmin>182</xmin>
			<ymin>102</ymin>
			<xmax>204</xmax>
			<ymax>131</ymax>
		</bndbox>
		<difficult>0</difficult>
	</object>
	<object>
		<name>head</name>
		<bndbox>
			<xmin>305</xmin>
			<ymin>139</ymin>
			<xmax>329</xmax>
			<ymax>167</ymax>
		</bndbox>
		<difficult>0</difficult>
	</object>
</annotation>
