<annotation>
	<folder>HollywoodHeads</folder>
	<filename>mov_002_165749.jpeg</filename>
	<source>
		<database>HollywoodHeads 2015 Database</database>
		<annotation>HollywoodHeads 2015</annotation>
		<image>WILLOW</image>
	</source>
	<size>
		<width>704</width>
		<height>416</height>
		<depth>3</depth>
	</size>
	<segmented>0</segmented>
	<object>
		<name>head</name>
		<bndbox>
			<xmin>204</xmin>
			<ymin>93</ymin>
			<xmax>256</xmax>
			<ymax>167</ymax>
		</bndbox>
		<difficult>0</difficult>
	</object>
	<object>
		<name>head</name>
		<bndbox>
			<xmin>390</xmin>
			<ymin>37</ymin>
			<xmax>495</xmax>
			<ymax>169</ymax>
		</bndbox>
		<difficult>0</difficult>
	</object>
</annotation>
