<annotation>
	<folder>HollywoodHeads</folder>
	<filename>mov_003_123519.jpeg</filename>
	<source>
		<database>HollywoodHeads 2015 Database</database>
		<annotation>HollywoodHeads 2015</annotation>
		<image>WILLOW</image>
	</source>
	<size>
		<width>576</width>
		<height>304</height>
		<depth>3</depth>
	</size>
	<segmented>0</segmented>
	<object>
		<name>head</name>
		<bndbox>
			<xmin>16</xmin>
			<ymin>2</ymin>
			<xmax>166</xmax>
			<ymax>184</ymax>
		</bndbox>
		<difficult>0</difficult>
	</object>
	<object>
		<name>head</name>
		<bndbox>
			<xmin>337</xmin>
			<ymin>53</ymin>
			<xmax>544</xmax>
			<ymax>260</ymax>
		</bndbox>
		<difficult>0</difficult>
	</object>
</annotation>
