<annotation>
	<folder>HollywoodHeads</folder>
	<filename>mov_002_079861.jpeg</filename>
	<source>
		<database>HollywoodHeads 2015 Database</database>
		<annotation>HollywoodHeads 2015</annotation>
		<image>WILLOW</image>
	</source>
	<size>
		<width>704</width>
		<height>416</height>
		<depth>3</depth>
	</size>
	<segmented>0</segmented>
	<object>
		<name>head</name>
		<bndbox>
			<xmin>66</xmin>
			<ymin>88</ymin>
			<xmax>153</xmax>
			<ymax>180</ymax>
		</bndbox>
		<difficult>0</difficult>
	</object>
	<object>
		<name>head</name>
		<bndbox>
			<xmin>520</xmin>
			<ymin>55</ymin>
			<xmax>607</xmax>
			<ymax>167</ymax>
		</bndbox>
		<difficult>0</difficult>
	</object>
	<object>
		<name>head</name>
		<bndbox>
			<xmin>234</xmin>
			<ymin>96</ymin>
			<xmax>300</xmax>
			<ymax>176</ymax>
		</bndbox>
		<difficult>0</difficult>
	</object>
</annotation>
