<annotation>
	<folder>HollywoodHeads</folder>
	<filename>mov_006_047170.jpeg</filename>
	<source>
		<database>HollywoodHeads 2015 Database</database>
		<annotation>HollywoodHeads 2015</annotation>
		<image>WILLOW</image>
	</source>
	<size>
		<width>608</width>
		<height>256</height>
		<depth>3</depth>
	</size>
	<segmented>0</segmented>
	<object>
		<name>head</name>
		<bndbox>
			<xmin>4</xmin>
			<ymin>4</ymin>
			<xmax>154</xmax>
			<ymax>177</ymax>
		</bndbox>
		<difficult>0</difficult>
	</object>
	<object>
		<name>head</name>
		<bndbox>
			<xmin>390</xmin>
			<ymin>30</ymin>
			<xmax>484</xmax>
			<ymax>137</ymax>
		</bndbox>
		<difficult>0</difficult>
	</object>
</annotation>
