<annotation>
	<folder>HollywoodHeads</folder>
	<filename>mov_002_021460.jpeg</filename>
	<source>
		<database>HollywoodHeads 2015 Database</database>
		<annotation>HollywoodHeads 2015</annotation>
		<image>WILLOW</image>
	</source>
	<size>
		<width>704</width>
		<height>416</height>
		<depth>3</depth>
	</size>
	<segmented>0</segmented>
	<object>
		<name>head</name>
		<bndbox>
			<xmin>442</xmin>
			<ymin>210</ymin>
			<xmax>516</xmax>
			<ymax>286</ymax>
		</bndbox>
		<difficult>0</difficult>
	</object>
	<object>
		<name>head</name>
		<bndbox>
			<xmin>254</xmin>
			<ymin>3</ymin>
			<xmax>326</xmax>
			<ymax>47</ymax>
		</bndbox>
		<difficult>0</difficult>
	</object>
</annotation>
