<annotation>
	<folder>HollywoodHeads</folder>
	<filename>mov_004_148115.jpeg</filename>
	<source>
		<database>HollywoodHeads 2015 Database</database>
		<annotation>HollywoodHeads 2015</annotation>
		<image>WILLOW</image>
	</source>
	<size>
		<width>640</width>
		<height>360</height>
		<depth>3</depth>
	</size>
	<segmented>0</segmented>
	<object>
		<name>head</name>
		<bndbox>
			<xmin>278</xmin>
			<ymin>63</ymin>
			<xmax>341</xmax>
			<ymax>132</ymax>
		</bndbox>
		<difficult>0</difficult>
	</object>
	<object>
		<name>head</name>
		<bndbox>
			<xmin>492</xmin>
			<ymin>89</ymin>
			<xmax>554</xmax>
			<ymax>153</ymax>
		</bndbox>
		<difficult>0</difficult>
	</object>
	<object>
		<name>head</name>
		<bndbox>
			<xmin>125</xmin>
			<ymin>45</ymin>
			<xmax>185</xmax>
			<ymax>108</ymax>
		</bndbox>
		<difficult>0</difficult>
	</object>
</annotation>
