<annotation>
	<folder>HollywoodHeads</folder>
	<filename>mov_002_021415.jpeg</filename>
	<source>
		<database>HollywoodHeads 2015 Database</database>
		<annotation>HollywoodHeads 2015</annotation>
		<image>WILLOW</image>
	</source>
	<size>
		<width>704</width>
		<height>416</height>
		<depth>3</depth>
	</size>
	<segmented>0</segmented>
	<object>
		<name>head</name>
		<bndbox>
			<xmin>445</xmin>
			<ymin>192</ymin>
			<xmax>525</xmax>
			<ymax>270</ymax>
		</bndbox>
		<difficult>0</difficult>
	</object>
	<object>
		<name>head</name>
		<bndbox>
			<xmin>361</xmin>
			<ymin>36</ymin>
			<xmax>441</xmax>
			<ymax>113</ymax>
		</bndbox>
		<difficult>0</difficult>
	</object>
</annotation>
