<annotation>
	<folder>HollywoodHeads</folder>
	<filename>mov_003_160650.jpeg</filename>
	<source>
		<database>HollywoodHeads 2015 Database</database>
		<annotation>HollywoodHeads 2015</annotation>
		<image>WILLOW</image>
	</source>
	<size>
		<width>576</width>
		<height>304</height>
		<depth>3</depth>
	</size>
	<segmented>0</segmented>
	<object>
		<name>head</name>
		<bndbox>
			<xmin>387</xmin>
			<ymin>132</ymin>
			<xmax>451</xmax>
			<ymax>208</ymax>
		</bndbox>
		<difficult>0</difficult>
	</object>
	<object>
		<name>head</name>
		<bndbox>
			<xmin>183</xmin>
			<ymin>145</ymin>
			<xmax>257</xmax>
			<ymax>222</ymax>
		</bndbox>
		<difficult>0</difficult>
	</object>
</annotation>
