<annotation>
	<folder>HollywoodHeads</folder>
	<filename>mov_003_138202.jpeg</filename>
	<source>
		<database>HollywoodHeads 2015 Database</database>
		<annotation>HollywoodHeads 2015</annotation>
		<image>WILLOW</image>
	</source>
	<size>
		<width>576</width>
		<height>304</height>
		<depth>3</depth>
	</size>
	<segmented>0</segmented>
	<object>
		<name>head</name>
		<bndbox>
			<xmin>409</xmin>
			<ymin>118</ymin>
			<xmax>458</xmax>
			<ymax>170</ymax>
		</bndbox>
		<difficult>0</difficult>
	</object>
	<object>
		<name>head</name>
		<bndbox>
			<xmin>276</xmin>
			<ymin>129</ymin>
			<xmax>307</xmax>
			<ymax>167</ymax>
		</bndbox>
		<difficult>0</difficult>
	</object>
	<object>
		<name>head</name>
		<bndbox>
			<xmin>162</xmin>
			<ymin>94</ymin>
			<xmax>213</xmax>
			<ymax>150</ymax>
		</bndbox>
		<difficult>0</difficult>
	</object>
</annotation>
