<annotation>
	<folder>HollywoodHeads</folder>
	<filename>mov_002_097096.jpeg</filename>
	<source>
		<database>HollywoodHeads 2015 Database</database>
		<annotation>HollywoodHeads 2015</annotation>
		<image>WILLOW</image>
	</source>
	<size>
		<width>704</width>
		<height>416</height>
		<depth>3</depth>
	</size>
	<segmented>0</segmented>
	<object>
		<name>head</name>
		<bndbox>
			<xmin>417</xmin>
			<ymin>31</ymin>
			<xmax>508</xmax>
			<ymax>150</ymax>
		</bndbox>
		<difficult>0</difficult>
	</object>
	<object>
		<name>head</name>
		<bndbox>
			<xmin>338</xmin>
			<ymin>63</ymin>
			<xmax>373</xmax>
			<ymax>139</ymax>
		</bndbox>
		<difficult>0</difficult>
	</object>
</annotation>
