<annotation>
	<folder>HollywoodHeads</folder>
	<filename>mov_004_126711.jpeg</filename>
	<source>
		<database>HollywoodHeads 2015 Database</database>
		<annotation>HollywoodHeads 2015</annotation>
		<image>WILLOW</image>
	</source>
	<size>
		<width>640</width>
		<height>360</height>
		<depth>3</depth>
	</size>
	<segmented>0</segmented>
	<object>
		<name>head</name>
		<bndbox>
			<xmin>169</xmin>
			<ymin>57</ymin>
			<xmax>296</xmax>
			<ymax>185</ymax>
		</bndbox>
		<difficult>0</difficult>
	</object>
	<object>
		<name>head</name>
		<bndbox>
			<xmin>379</xmin>
			<ymin>33</ymin>
			<xmax>499</xmax>
			<ymax>161</ymax>
		</bndbox>
		<difficult>0</difficult>
	</object>
</annotation>
