<annotation>
	<folder>HollywoodHeads</folder>
	<filename>mov_004_099413.jpeg</filename>
	<source>
		<database>HollywoodHeads 2015 Database</database>
		<annotation>HollywoodHeads 2015</annotation>
		<image>WILLOW</image>
	</source>
	<size>
		<width>640</width>
		<height>360</height>
		<depth>3</depth>
	</size>
	<segmented>0</segmented>
	<object>
		<name>head</name>
		<bndbox>
			<xmin>327</xmin>
			<ymin>54</ymin>
			<xmax>461</xmax>
			<ymax>184</ymax>
		</bndbox>
		<difficult>0</difficult>
	</object>
	<object>
		<name>head</name>
		<bndbox>
			<xmin>143</xmin>
			<ymin>70</ymin>
			<xmax>225</xmax>
			<ymax>159</ymax>
		</bndbox>
		<difficult>0</difficult>
	</object>
	<object>
		<name>head</name>
		<bndbox>
			<xmin>258</xmin>
			<ymin>46</ymin>
			<xmax>342</xmax>
			<ymax>133</ymax>
		</bndbox>
		<difficult>0</difficult>
	</object>
</annotation>
