<annotation>
	<folder>HollywoodHeads</folder>
	<filename>mov_005_048508.jpeg</filename>
	<source>
		<database>HollywoodHeads 2015 Database</database>
		<annotation>HollywoodHeads 2015</annotation>
		<image>WILLOW</image>
	</source>
	<size>
		<width>640</width>
		<height>304</height>
		<depth>3</depth>
	</size>
	<segmented>0</segmented>
	<object>
		<name>head</name>
		<bndbox>
			<xmin>352</xmin>
			<ymin>19</ymin>
			<xmax>463</xmax>
			<ymax>162</ymax>
		</bndbox>
		<difficult>0</difficult>
	</object>
	<object>
		<name>head</name>
		<bndbox>
			<xmin>247</xmin>
			<ymin>74</ymin>
			<xmax>316</xmax>
			<ymax>156</ymax>
		</bndbox>
		<difficult>0</difficult>
	</object>
	<object>
		<name>head</name>
		<bndbox>
			<xmin>138</xmin>
			<ymin>12</ymin>
			<xmax>205</xmax>
			<ymax>102</ymax>
		</bndbox>
		<difficult>0</difficult>
	</object>
</annotation>
