<annotation>
	<folder>HollywoodHeads</folder>
	<filename>mov_002_013167.jpeg</filename>
	<source>
		<database>HollywoodHeads 2015 Database</database>
		<annotation>HollywoodHeads 2015</annotation>
		<image>WILLOW</image>
	</source>
	<size>
		<width>704</width>
		<height>416</height>
		<depth>3</depth>
	</size>
	<segmented>0</segmented>
	<object>
		<name>head</name>
		<bndbox>
			<xmin>370</xmin>
			<ymin>110</ymin>
			<xmax>425</xmax>
			<ymax>188</ymax>
		</bndbox>
		<difficult>1</difficult>
	</object>
	<object>
		<name>head</name>
		<bndbox>
			<xmin>345</xmin>
			<ymin>114</ymin>
			<xmax>404</xmax>
			<ymax>189</ymax>
		</bndbox>
		<difficult>0</difficult>
	</object>
</annotation>
