<annotation>
	<folder>HollywoodHeads</folder>
	<filename>mov_004_105081.jpeg</filename>
	<source>
		<database>HollywoodHeads 2015 Database</database>
		<annotation>HollywoodHeads 2015</annotation>
		<image>WILLOW</image>
	</source>
	<size>
		<width>640</width>
		<height>360</height>
		<depth>3</depth>
	</size>
	<segmented>0</segmented>
	<object>
		<name>head</name>
		<bndbox>
			<xmin>315</xmin>
			<ymin>67</ymin>
			<xmax>411</xmax>
			<ymax>160</ymax>
		</bndbox>
		<difficult>0</difficult>
	</object>
	<object>
		<name>head</name>
		<bndbox>
			<xmin>63</xmin>
			<ymin>160</ymin>
			<xmax>98</xmax>
			<ymax>198</ymax>
		</bndbox>
		<difficult>0</difficult>
	</object>
</annotation>
