<annotation>
	<folder>HollywoodHeads</folder>
	<filename>mov_001_155275.jpeg</filename>
	<source>
		<database>HollywoodHeads 2015 Database</database>
		<annotation>HollywoodHeads 2015</annotation>
		<image>WILLOW</image>
	</source>
	<size>
		<width>528</width>
		<height>224</height>
		<depth>3</depth>
	</size>
	<segmented>0</segmented>
	<object>
		<name>head</name>
		<bndbox>
			<xmin>156</xmin>
			<ymin>3</ymin>
			<xmax>250</xmax>
			<ymax>90</ymax>
		</bndbox>
		<difficult>0</difficult>
	</object>
	<object>
		<name>head</name>
		<bndbox>
			<xmin>117</xmin>
			<ymin>89</ymin>
			<xmax>254</xmax>
			<ymax>219</ymax>
		</bndbox>
		<difficult>0</difficult>
	</object>
</annotation>
