<annotation>
	<folder>HollywoodHeads</folder>
	<filename>mov_004_127884.jpeg</filename>
	<source>
		<database>HollywoodHeads 2015 Database</database>
		<annotation>HollywoodHeads 2015</annotation>
		<image>WILLOW</image>
	</source>
	<size>
		<width>640</width>
		<height>360</height>
		<depth>3</depth>
	</size>
	<segmented>0</segmented>
	<object>
		<name>head</name>
		<bndbox>
			<xmin>146</xmin>
			<ymin>47</ymin>
			<xmax>259</xmax>
			<ymax>169</ymax>
		</bndbox>
		<difficult>0</difficult>
	</object>
	<object>
		<name>head</name>
		<bndbox>
			<xmin>373</xmin>
			<ymin>35</ymin>
			<xmax>488</xmax>
			<ymax>157</ymax>
		</bndbox>
		<difficult>0</difficult>
	</object>
</annotation>
