<annotation>
	<folder>HollywoodHeads</folder>
	<filename>mov_001_061752.jpeg</filename>
	<source>
		<database>HollywoodHeads 2015 Database</database>
		<annotation>HollywoodHeads 2015</annotation>
		<image>WILLOW</image>
	</source>
	<size>
		<width>528</width>
		<height>224</height>
		<depth>3</depth>
	</size>
	<segmented>0</segmented>
	<object>
		<name>head</name>
		<bndbox>
			<xmin>237</xmin>
			<ymin>5</ymin>
			<xmax>306</xmax>
			<ymax>82</ymax>
		</bndbox>
		<difficult>0</difficult>
	</object>
</annotation>
