<annotation>
	<folder>HollywoodHeads</folder>
	<filename>mov_001_110235.jpeg</filename>
	<source>
		<database>HollywoodHeads 2015 Database</database>
		<annotation>HollywoodHeads 2015</annotation>
		<image>WILLOW</image>
	</source>
	<size>
		<width>528</width>
		<height>224</height>
		<depth>3</depth>
	</size>
	<segmented>0</segmented>
	<object>
		<name>head</name>
		<bndbox>
			<xmin>262</xmin>
			<ymin>2</ymin>
			<xmax>340</xmax>
			<ymax>92</ymax>
		</bndbox>
		<difficult>0</difficult>
	</object>
	<object>
		<name>head</name>
		<bndbox>
			<xmin>315</xmin>
			<ymin>60</ymin>
			<xmax>419</xmax>
			<ymax>151</ymax>
		</bndbox>
		<difficult>0</difficult>
	</object>
</annotation>
