<annotation>
	<folder>HollywoodHeads</folder>
	<filename>mov_004_005807.jpeg</filename>
	<source>
		<database>HollywoodHeads 2015 Database</database>
		<annotation>HollywoodHeads 2015</annotation>
		<image>WILLOW</image>
	</source>
	<size>
		<width>640</width>
		<height>360</height>
		<depth>3</depth>
	</size>
	<segmented>0</segmented>
	<object>
		<name>head</name>
		<bndbox>
			<xmin>306</xmin>
			<ymin>7</ymin>
			<xmax>444</xmax>
			<ymax>125</ymax>
		</bndbox>
		<difficult>0</difficult>
	</object>
	<object>
		<name>head</name>
		<bndbox>
			<xmin>159</xmin>
			<ymin>81</ymin>
			<xmax>313</xmax>
			<ymax>234</ymax>
		</bndbox>
		<difficult>0</difficult>
	</object>
</annotation>
