<annotation>
	<folder>HollywoodHeads</folder>
	<filename>mov_006_036392.jpeg</filename>
	<source>
		<database>HollywoodHeads 2015 Database</database>
		<annotation>HollywoodHeads 2015</annotation>
		<image>WILLOW</image>
	</source>
	<size>
		<width>608</width>
		<height>256</height>
		<depth>3</depth>
	</size>
	<segmented>0</segmented>
	<object>
		<name>head</name>
		<bndbox>
			<xmin>236</xmin>
			<ymin>52</ymin>
			<xmax>302</xmax>
			<ymax>127</ymax>
		</bndbox>
		<difficult>0</difficult>
	</object>
	<object>
		<name>head</name>
		<bndbox>
			<xmin>343</xmin>
			<ymin>40</ymin>
			<xmax>411</xmax>
			<ymax>131</ymax>
		</bndbox>
		<difficult>0</difficult>
	</object>
</annotation>
