<annotation>
	<folder>HollywoodHeads</folder>
	<filename>mov_002_147190.jpeg</filename>
	<source>
		<database>HollywoodHeads 2015 Database</database>
		<annotation>HollywoodHeads 2015</annotation>
		<image>WILLOW</image>
	</source>
	<size>
		<width>704</width>
		<height>416</height>
		<depth>3</depth>
	</size>
	<segmented>0</segmented>
	<object>
		<name>head</name>
		<bndbox>
			<xmin>402</xmin>
			<ymin>5</ymin>
			<xmax>679</xmax>
			<ymax>338</ymax>
		</bndbox>
		<difficult>0</difficult>
	</object>
	<object>
		<name>head</name>
		<bndbox>
			<xmin>43</xmin>
			<ymin>54</ymin>
			<xmax>329</xmax>
			<ymax>369</ymax>
		</bndbox>
		<difficult>0</difficult>
	</object>
</annotation>
