<annotation>
	<folder>HollywoodHeads</folder>
	<filename>mov_007_029945.jpeg</filename>
	<source>
		<database>HollywoodHeads 2015 Database</database>
		<annotation>HollywoodHeads 2015</annotation>
		<image>WILLOW</image>
	</source>
	<size>
		<width>624</width>
		<height>304</height>
		<depth>3</depth>
	</size>
	<segmented>0</segmented>
	<object>
		<name>head</name>
		<bndbox>
			<xmin>292</xmin>
			<ymin>24</ymin>
			<xmax>340</xmax>
			<ymax>68</ymax>
		</bndbox>
		<difficult>0</difficult>
	</object>
	<object>
		<name>head</name>
		<bndbox>
			<xmin>488</xmin>
			<ymin>29</ymin>
			<xmax>527</xmax>
			<ymax>71</ymax>
		</bndbox>
		<difficult>0</difficult>
	</object>
</annotation>
