<annotation>
	<folder>HollywoodHeads</folder>
	<filename>mov_007_043133.jpeg</filename>
	<source>
		<database>HollywoodHeads 2015 Database</database>
		<annotation>HollywoodHeads 2015</annotation>
		<image>WILLOW</image>
	</source>
	<size>
		<width>624</width>
		<height>304</height>
		<depth>3</depth>
	</size>
	<segmented>0</segmented>
	<object>
		<name>head</name>
		<bndbox>
			<xmin>106</xmin>
			<ymin>60</ymin>
			<xmax>210</xmax>
			<ymax>181</ymax>
		</bndbox>
		<difficult>0</difficult>
	</object>
	<object>
		<name>head</name>
		<bndbox>
			<xmin>342</xmin>
			<ymin>32</ymin>
			<xmax>494</xmax>
			<ymax>170</ymax>
		</bndbox>
		<difficult>0</difficult>
	</object>
</annotation>
