<annotation>
	<folder>HollywoodHeads</folder>
	<filename>mov_003_118851.jpeg</filename>
	<source>
		<database>HollywoodHeads 2015 Database</database>
		<annotation>HollywoodHeads 2015</annotation>
		<image>WILLOW</image>
	</source>
	<size>
		<width>576</width>
		<height>304</height>
		<depth>3</depth>
	</size>
	<segmented>0</segmented>
	<object>
		<name>head</name>
		<bndbox>
			<xmin>275</xmin>
			<ymin>13</ymin>
			<xmax>325</xmax>
			<ymax>81</ymax>
		</bndbox>
		<difficult>0</difficult>
	</object>
	<object>
		<name>head</name>
		<bndbox>
			<xmin>87</xmin>
			<ymin>34</ymin>
			<xmax>151</xmax>
			<ymax>99</ymax>
		</bndbox>
		<difficult>0</difficult>
	</object>
</annotation>
