<annotation>
	<folder>HollywoodHeads</folder>
	<filename>mov_001_096080.jpeg</filename>
	<source>
		<database>HollywoodHeads 2015 Database</database>
		<annotation>HollywoodHeads 2015</annotation>
		<image>WILLOW</image>
	</source>
	<size>
		<width>528</width>
		<height>224</height>
		<depth>3</depth>
	</size>
	<segmented>0</segmented>
	<object>
		<name>head</name>
		<bndbox>
			<xmin>398</xmin>
			<ymin>22</ymin>
			<xmax>432</xmax>
			<ymax>66</ymax>
		</bndbox>
		<difficult>0</difficult>
	</object>
	<object>
		<name>head</name>
		<bndbox>
			<xmin>238</xmin>
			<ymin>91</ymin>
			<xmax>265</xmax>
			<ymax>122</ymax>
		</bndbox>
		<difficult>0</difficult>
	</object>
	<object>
		<name>head</name>
		<bndbox>
			<xmin>25</xmin>
			<ymin>90</ymin>
			<xmax>70</xmax>
			<ymax>138</ymax>
		</bndbox>
		<difficult>0</difficult>
	</object>
</annotation>
