<annotation>
	<folder>HollywoodHeads</folder>
	<filename>mov_001_130228.jpeg</filename>
	<source>
		<database>HollywoodHeads 2015 Database</database>
		<annotation>HollywoodHeads 2015</annotation>
		<image>WILLOW</image>
	</source>
	<size>
		<width>528</width>
		<height>224</height>
		<depth>3</depth>
	</size>
	<segmented>0</segmented>
	<object>
		<name>head</name>
		<bndbox>
			<xmin>199</xmin>
			<ymin>16</ymin>
			<xmax>326</xmax>
			<ymax>145</ymax>
		</bndbox>
		<difficult>0</difficult>
	</object>
	<object>
		<name>head</name>
		<bndbox>
			<xmin>369</xmin>
			<ymin>8</ymin>
			<xmax>518</xmax>
			<ymax>193</ymax>
		</bndbox>
		<difficult>0</difficult>
	</object>
</annotation>
