<annotation>
	<folder>HollywoodHeads</folder>
	<filename>mov_002_098167.jpeg</filename>
	<source>
		<database>HollywoodHeads 2015 Database</database>
		<annotation>HollywoodHeads 2015</annotation>
		<image>WILLOW</image>
	</source>
	<size>
		<width>704</width>
		<height>416</height>
		<depth>3</depth>
	</size>
	<segmented>0</segmented>
	<object>
		<name>head</name>
		<bndbox>
			<xmin>77</xmin>
			<ymin>26</ymin>
			<xmax>160</xmax>
			<ymax>141</ymax>
		</bndbox>
		<difficult>0</difficult>
	</object>
	<object>
		<name>head</name>
		<bndbox>
			<xmin>468</xmin>
			<ymin>31</ymin>
			<xmax>548</xmax>
			<ymax>138</ymax>
		</bndbox>
		<difficult>0</difficult>
	</object>
</annotation>
