<annotation>
	<folder>HollywoodHeads</folder>
	<filename>mov_005_143197.jpeg</filename>
	<source>
		<database>HollywoodHeads 2015 Database</database>
		<annotation>HollywoodHeads 2015</annotation>
		<image>WILLOW</image>
	</source>
	<size>
		<width>640</width>
		<height>304</height>
		<depth>3</depth>
	</size>
	<segmented>0</segmented>
	<object>
		<name>head</name>
		<bndbox>
			<xmin>289</xmin>
			<ymin>23</ymin>
			<xmax>481</xmax>
			<ymax>246</ymax>
		</bndbox>
		<difficult>0</difficult>
	</object>
	<object>
		<name>head</name>
		<bndbox>
			<xmin>186</xmin>
			<ymin>49</ymin>
			<xmax>274</xmax>
			<ymax>148</ymax>
		</bndbox>
		<difficult>0</difficult>
	</object>
</annotation>
