<annotation>
	<folder>HollywoodHeads</folder>
	<filename>mov_002_030984.jpeg</filename>
	<source>
		<database>HollywoodHeads 2015 Database</database>
		<annotation>HollywoodHeads 2015</annotation>
		<image>WILLOW</image>
	</source>
	<size>
		<width>704</width>
		<height>416</height>
		<depth>3</depth>
	</size>
	<segmented>0</segmented>
	<object>
		<name>head</name>
		<bndbox>
			<xmin>383</xmin>
			<ymin>13</ymin>
			<xmax>502</xmax>
			<ymax>171</ymax>
		</bndbox>
		<difficult>0</difficult>
	</object>
	<object>
		<name>head</name>
		<bndbox>
			<xmin>189</xmin>
			<ymin>7</ymin>
			<xmax>290</xmax>
			<ymax>153</ymax>
		</bndbox>
		<difficult>0</difficult>
	</object>
</annotation>
