<annotation>
	<folder>HollywoodHeads</folder>
	<filename>mov_002_014323.jpeg</filename>
	<source>
		<database>HollywoodHeads 2015 Database</database>
		<annotation>HollywoodHeads 2015</annotation>
		<image>WILLOW</image>
	</source>
	<size>
		<width>704</width>
		<height>416</height>
		<depth>3</depth>
	</size>
	<segmented>0</segmented>
	<object>
		<name>head</name>
		<bndbox>
			<xmin>8</xmin>
			<ymin>5</ymin>
			<xmax>148</xmax>
			<ymax>399</ymax>
		</bndbox>
		<difficult>0</difficult>
	</object>
	<object>
		<name>head</name>
		<bndbox>
			<xmin>474</xmin>
			<ymin>125</ymin>
			<xmax>553</xmax>
			<ymax>236</ymax>
		</bndbox>
		<difficult>0</difficult>
	</object>
</annotation>
