<annotation>
	<folder>HollywoodHeads</folder>
	<filename>mov_002_009251.jpeg</filename>
	<source>
		<database>HollywoodHeads 2015 Database</database>
		<annotation>HollywoodHeads 2015</annotation>
		<image>WILLOW</image>
	</source>
	<size>
		<width>704</width>
		<height>416</height>
		<depth>3</depth>
	</size>
	<segmented>0</segmented>
	<object>
		<name>head</name>
		<bndbox>
			<xmin>86</xmin>
			<ymin>7</ymin>
			<xmax>177</xmax>
			<ymax>137</ymax>
		</bndbox>
		<difficult>0</difficult>
	</object>
	<object>
		<name>head</name>
		<bndbox>
			<xmin>519</xmin>
			<ymin>62</ymin>
			<xmax>591</xmax>
			<ymax>153</ymax>
		</bndbox>
		<difficult>0</difficult>
	</object>
</annotation>
