<annotation>
	<folder>HollywoodHeads</folder>
	<filename>mov_004_105407.jpeg</filename>
	<source>
		<database>HollywoodHeads 2015 Database</database>
		<annotation>HollywoodHeads 2015</annotation>
		<image>WILLOW</image>
	</source>
	<size>
		<width>640</width>
		<height>360</height>
		<depth>3</depth>
	</size>
	<segmented>0</segmented>
	<object>
		<name>head</name>
		<bndbox>
			<xmin>466</xmin>
			<ymin>76</ymin>
			<xmax>583</xmax>
			<ymax>180</ymax>
		</bndbox>
		<difficult>0</difficult>
	</object>
	<object>
		<name>head</name>
		<bndbox>
			<xmin>90</xmin>
			<ymin>71</ymin>
			<xmax>204</xmax>
			<ymax>173</ymax>
		</bndbox>
		<difficult>0</difficult>
	</object>
	<object>
		<name>head</name>
		<bndbox>
			<xmin>326</xmin>
			<ymin>102</ymin>
			<xmax>400</xmax>
			<ymax>185</ymax>
		</bndbox>
		<difficult>0</difficult>
	</object>
</annotation>
