<annotation>
	<folder>HollywoodHeads</folder>
	<filename>mov_001_108711.jpeg</filename>
	<source>
		<database>HollywoodHeads 2015 Database</database>
		<annotation>HollywoodHeads 2015</annotation>
		<image>WILLOW</image>
	</source>
	<size>
		<width>528</width>
		<height>224</height>
		<depth>3</depth>
	</size>
	<segmented>0</segmented>
	<object>
		<name>head</name>
		<bndbox>
			<xmin>224</xmin>
			<ymin>67</ymin>
			<xmax>253</xmax>
			<ymax>108</ymax>
		</bndbox>
		<difficult>0</difficult>
	</object>
</annotation>
