<annotation>
	<folder>HollywoodHeads</folder>
	<filename>mov_003_049757.jpeg</filename>
	<source>
		<database>HollywoodHeads 2015 Database</database>
		<annotation>HollywoodHeads 2015</annotation>
		<image>WILLOW</image>
	</source>
	<size>
		<width>576</width>
		<height>304</height>
		<depth>3</depth>
	</size>
	<segmented>0</segmented>
	<object>
		<name>head</name>
		<bndbox>
			<xmin>178</xmin>
			<ymin>102</ymin>
			<xmax>202</xmax>
			<ymax>129</ymax>
		</bndbox>
		<difficult>0</difficult>
	</object>
	<object>
		<name>head</name>
		<bndbox>
			<xmin>352</xmin>
			<ymin>111</ymin>
			<xmax>376</xmax>
			<ymax>138</ymax>
		</bndbox>
		<difficult>0</difficult>
	</object>
</annotation>
