<annotation>
	<folder>HollywoodHeads</folder>
	<filename>mov_001_035578.jpeg</filename>
	<source>
		<database>HollywoodHeads 2015 Database</database>
		<annotation>HollywoodHeads 2015</annotation>
		<image>WILLOW</image>
	</source>
	<size>
		<width>528</width>
		<height>224</height>
		<depth>3</depth>
	</size>
	<segmented>0</segmented>
	<object>
		<name>head</name>
		<bndbox>
			<xmin>187</xmin>
			<ymin>14</ymin>
			<xmax>261</xmax>
			<ymax>115</ymax>
		</bndbox>
		<difficult>0</difficult>
	</object>
	<object>
		<name>head</name>
		<bndbox>
			<xmin>332</xmin>
			<ymin>26</ymin>
			<xmax>396</xmax>
			<ymax>120</ymax>
		</bndbox>
		<difficult>0</difficult>
	</object>
</annotation>
