<annotation>
	<folder>HollywoodHeads</folder>
	<filename>mov_002_091723.jpeg</filename>
	<source>
		<database>HollywoodHeads 2015 Database</database>
		<annotation>HollywoodHeads 2015</annotation>
		<image>WILLOW</image>
	</source>
	<size>
		<width>704</width>
		<height>416</height>
		<depth>3</depth>
	</size>
	<segmented>0</segmented>
	<object>
		<name>head</name>
		<bndbox>
			<xmin>275</xmin>
			<ymin>93</ymin>
			<xmax>316</xmax>
			<ymax>147</ymax>
		</bndbox>
		<difficult>0</difficult>
	</object>
</annotation>
