<annotation>
	<folder>HollywoodHeads</folder>
	<filename>mov_002_079875.jpeg</filename>
	<source>
		<database>HollywoodHeads 2015 Database</database>
		<annotation>HollywoodHeads 2015</annotation>
		<image>WILLOW</image>
	</source>
	<size>
		<width>704</width>
		<height>416</height>
		<depth>3</depth>
	</size>
	<segmented>0</segmented>
	<object>
		<name>head</name>
		<bndbox>
			<xmin>22</xmin>
			<ymin>83</ymin>
			<xmax>109</xmax>
			<ymax>176</ymax>
		</bndbox>
		<difficult>0</difficult>
	</object>
	<object>
		<name>head</name>
		<bndbox>
			<xmin>540</xmin>
			<ymin>56</ymin>
			<xmax>628</xmax>
			<ymax>169</ymax>
		</bndbox>
		<difficult>0</difficult>
	</object>
	<object>
		<name>head</name>
		<bndbox>
			<xmin>236</xmin>
			<ymin>97</ymin>
			<xmax>309</xmax>
			<ymax>180</ymax>
		</bndbox>
		<difficult>0</difficult>
	</object>
</annotation>
