<annotation>
	<folder>HollywoodHeads</folder>
	<filename>mov_002_058879.jpeg</filename>
	<source>
		<database>HollywoodHeads 2015 Database</database>
		<annotation>HollywoodHeads 2015</annotation>
		<image>WILLOW</image>
	</source>
	<size>
		<width>704</width>
		<height>416</height>
		<depth>3</depth>
	</size>
	<segmented>0</segmented>
	<object>
		<name>head</name>
		<bndbox>
			<xmin>221</xmin>
			<ymin>21</ymin>
			<xmax>284</xmax>
			<ymax>107</ymax>
		</bndbox>
		<difficult>0</difficult>
	</object>
	<object>
		<name>head</name>
		<bndbox>
			<xmin>549</xmin>
			<ymin>210</ymin>
			<xmax>693</xmax>
			<ymax>374</ymax>
		</bndbox>
		<difficult>0</difficult>
	</object>
</annotation>
