<annotation>
	<folder>HollywoodHeads</folder>
	<filename>mov_003_123487.jpeg</filename>
	<source>
		<database>HollywoodHeads 2015 Database</database>
		<annotation>HollywoodHeads 2015</annotation>
		<image>WILLOW</image>
	</source>
	<size>
		<width>576</width>
		<height>304</height>
		<depth>3</depth>
	</size>
	<segmented>0</segmented>
	<object>
		<name>head</name>
		<bndbox>
			<xmin>15</xmin>
			<ymin>3</ymin>
			<xmax>176</xmax>
			<ymax>188</ymax>
		</bndbox>
		<difficult>0</difficult>
	</object>
	<object>
		<name>head</name>
		<bndbox>
			<xmin>309</xmin>
			<ymin>52</ymin>
			<xmax>518</xmax>
			<ymax>258</ymax>
		</bndbox>
		<difficult>0</difficult>
	</object>
</annotation>
