<annotation>
	<folder>HollywoodHeads</folder>
	<filename>mov_001_096993.jpeg</filename>
	<source>
		<database>HollywoodHeads 2015 Database</database>
		<annotation>HollywoodHeads 2015</annotation>
		<image>WILLOW</image>
	</source>
	<size>
		<width>528</width>
		<height>224</height>
		<depth>3</depth>
	</size>
	<segmented>0</segmented>
	<object>
		<name>head</name>
		<bndbox>
			<xmin>254</xmin>
			<ymin>72</ymin>
			<xmax>270</xmax>
			<ymax>93</ymax>
		</bndbox>
		<difficult>0</difficult>
	</object>
	<object>
		<name>head</name>
		<bndbox>
			<xmin>347</xmin>
			<ymin>70</ymin>
			<xmax>372</xmax>
			<ymax>98</ymax>
		</bndbox>
		<difficult>0</difficult>
	</object>
	<object>
		<name>head</name>
		<bndbox>
			<xmin>137</xmin>
			<ymin>67</ymin>
			<xmax>162</xmax>
			<ymax>95</ymax>
		</bndbox>
		<difficult>0</difficult>
	</object>
</annotation>
