<annotation>
	<folder>HollywoodHeads</folder>
	<filename>mov_007_079417.jpeg</filename>
	<source>
		<database>HollywoodHeads 2015 Database</database>
		<annotation>HollywoodHeads 2015</annotation>
		<image>WILLOW</image>
	</source>
	<size>
		<width>624</width>
		<height>304</height>
		<depth>3</depth>
	</size>
	<segmented>0</segmented>
	<object>
		<name>head</name>
		<bndbox>
			<xmin>290</xmin>
			<ymin>41</ymin>
			<xmax>349</xmax>
			<ymax>103</ymax>
		</bndbox>
		<difficult>0</difficult>
	</object>
	<object>
		<name>head</name>
		<bndbox>
			<xmin>451</xmin>
			<ymin>37</ymin>
			<xmax>510</xmax>
			<ymax>105</ymax>
		</bndbox>
		<difficult>0</difficult>
	</object>
</annotation>
