<annotation>
	<folder>HollywoodHeads</folder>
	<filename>mov_002_091513.jpeg</filename>
	<source>
		<database>HollywoodHeads 2015 Database</database>
		<annotation>HollywoodHeads 2015</annotation>
		<image>WILLOW</image>
	</source>
	<size>
		<width>704</width>
		<height>416</height>
		<depth>3</depth>
	</size>
	<segmented>0</segmented>
	<object>
		<name>head</name>
		<bndbox>
			<xmin>61</xmin>
			<ymin>43</ymin>
			<xmax>258</xmax>
			<ymax>285</ymax>
		</bndbox>
		<difficult>0</difficult>
	</object>
	<object>
		<name>head</name>
		<bndbox>
			<xmin>426</xmin>
			<ymin>46</ymin>
			<xmax>605</xmax>
			<ymax>248</ymax>
		</bndbox>
		<difficult>0</difficult>
	</object>
</annotation>
