<annotation>
	<folder>HollywoodHeads</folder>
	<filename>mov_004_099709.jpeg</filename>
	<source>
		<database>HollywoodHeads 2015 Database</database>
		<annotation>HollywoodHeads 2015</annotation>
		<image>WILLOW</image>
	</source>
	<size>
		<width>640</width>
		<height>360</height>
		<depth>3</depth>
	</size>
	<segmented>0</segmented>
	<object>
		<name>head</name>
		<bndbox>
			<xmin>162</xmin>
			<ymin>54</ymin>
			<xmax>257</xmax>
			<ymax>151</ymax>
		</bndbox>
		<difficult>0</difficult>
	</object>
	<object>
		<name>head</name>
		<bndbox>
			<xmin>377</xmin>
			<ymin>29</ymin>
			<xmax>501</xmax>
			<ymax>156</ymax>
		</bndbox>
		<difficult>0</difficult>
	</object>
</annotation>
