<annotation>
	<folder>HollywoodHeads</folder>
	<filename>mov_002_069044.jpeg</filename>
	<source>
		<database>HollywoodHeads 2015 Database</database>
		<annotation>HollywoodHeads 2015</annotation>
		<image>WILLOW</image>
	</source>
	<size>
		<width>704</width>
		<height>416</height>
		<depth>3</depth>
	</size>
	<segmented>0</segmented>
	<object>
		<name>head</name>
		<bndbox>
			<xmin>128</xmin>
			<ymin>26</ymin>
			<xmax>222</xmax>
			<ymax>135</ymax>
		</bndbox>
		<difficult>0</difficult>
	</object>
	<object>
		<name>head</name>
		<bndbox>
			<xmin>454</xmin>
			<ymin>53</ymin>
			<xmax>540</xmax>
			<ymax>154</ymax>
		</bndbox>
		<difficult>0</difficult>
	</object>
	<object>
		<name>head</name>
		<bndbox>
			<xmin>526</xmin>
			<ymin>87</ymin>
			<xmax>575</xmax>
			<ymax>162</ymax>
		</bndbox>
		<difficult>0</difficult>
	</object>
</annotation>
