<annotation>
	<folder>HollywoodHeads</folder>
	<filename>mov_001_151339.jpeg</filename>
	<source>
		<database>HollywoodHeads 2015 Database</database>
		<annotation>HollywoodHeads 2015</annotation>
		<image>WILLOW</image>
	</source>
	<size>
		<width>528</width>
		<height>224</height>
		<depth>3</depth>
	</size>
	<segmented>0</segmented>
	<object>
		<name>head</name>
		<bndbox>
			<xmin>123</xmin>
			<ymin>14</ymin>
			<xmax>256</xmax>
			<ymax>165</ymax>
		</bndbox>
		<difficult>0</difficult>
	</object>
	<object>
		<name>head</name>
		<bndbox>
			<xmin>239</xmin>
			<ymin>2</ymin>
			<xmax>399</xmax>
			<ymax>146</ymax>
		</bndbox>
		<difficult>0</difficult>
	</object>
</annotation>
