<annotation>
	<folder>HollywoodHeads</folder>
	<filename>mov_003_005847.jpeg</filename>
	<source>
		<database>HollywoodHeads 2015 Database</database>
		<annotation>HollywoodHeads 2015</annotation>
		<image>WILLOW</image>
	</source>
	<size>
		<width>576</width>
		<height>304</height>
		<depth>3</depth>
	</size>
	<segmented>0</segmented>
	<object>
		<name>head</name>
		<bndbox>
			<xmin>271</xmin>
			<ymin>23</ymin>
			<xmax>463</xmax>
			<ymax>226</ymax>
		</bndbox>
		<difficult>0</difficult>
	</object>
	<object>
		<name>head</name>
		<bndbox>
			<xmin>49</xmin>
			<ymin>53</ymin>
			<xmax>260</xmax>
			<ymax>257</ymax>
		</bndbox>
		<difficult>0</difficult>
	</object>
</annotation>
