<annotation>
	<folder>HollywoodHeads</folder>
	<filename>mov_006_026615.jpeg</filename>
	<source>
		<database>HollywoodHeads 2015 Database</database>
		<annotation>HollywoodHeads 2015</annotation>
		<image>WILLOW</image>
	</source>
	<size>
		<width>608</width>
		<height>256</height>
		<depth>3</depth>
	</size>
	<segmented>0</segmented>
	<object>
		<name>head</name>
		<bndbox>
			<xmin>222</xmin>
			<ymin>109</ymin>
			<xmax>241</xmax>
			<ymax>131</ymax>
		</bndbox>
		<difficult>0</difficult>
	</object>
	<object>
		<name>head</name>
		<bndbox>
			<xmin>357</xmin>
			<ymin>118</ymin>
			<xmax>374</xmax>
			<ymax>137</ymax>
		</bndbox>
		<difficult>0</difficult>
	</object>
</annotation>
