<annotation>
	<folder>HollywoodHeads</folder>
	<filename>mov_007_043187.jpeg</filename>
	<source>
		<database>HollywoodHeads 2015 Database</database>
		<annotation>HollywoodHeads 2015</annotation>
		<image>WILLOW</image>
	</source>
	<size>
		<width>624</width>
		<height>304</height>
		<depth>3</depth>
	</size>
	<segmented>0</segmented>
	<object>
		<name>head</name>
		<bndbox>
			<xmin>110</xmin>
			<ymin>56</ymin>
			<xmax>215</xmax>
			<ymax>177</ymax>
		</bndbox>
		<difficult>0</difficult>
	</object>
	<object>
		<name>head</name>
		<bndbox>
			<xmin>332</xmin>
			<ymin>39</ymin>
			<xmax>485</xmax>
			<ymax>174</ymax>
		</bndbox>
		<difficult>0</difficult>
	</object>
</annotation>
