<annotation>
	<folder>HollywoodHeads</folder>
	<filename>mov_006_140891.jpeg</filename>
	<source>
		<database>HollywoodHeads 2015 Database</database>
		<annotation>HollywoodHeads 2015</annotation>
		<image>WILLOW</image>
	</source>
	<size>
		<width>608</width>
		<height>256</height>
		<depth>3</depth>
	</size>
	<segmented>0</segmented>
	<object>
		<name>head</name>
		<bndbox>
			<xmin>247</xmin>
			<ymin>95</ymin>
			<xmax>278</xmax>
			<ymax>134</ymax>
		</bndbox>
		<difficult>0</difficult>
	</object>
</annotation>
