<annotation>
	<folder>HollywoodHeads</folder>
	<filename>mov_001_096119.jpeg</filename>
	<source>
		<database>HollywoodHeads 2015 Database</database>
		<annotation>HollywoodHeads 2015</annotation>
		<image>WILLOW</image>
	</source>
	<size>
		<width>528</width>
		<height>224</height>
		<depth>3</depth>
	</size>
	<segmented>0</segmented>
	<object>
		<name>head</name>
		<bndbox>
			<xmin>391</xmin>
			<ymin>13</ymin>
			<xmax>431</xmax>
			<ymax>58</ymax>
		</bndbox>
		<difficult>0</difficult>
	</object>
	<object>
		<name>head</name>
		<bndbox>
			<xmin>230</xmin>
			<ymin>91</ymin>
			<xmax>261</xmax>
			<ymax>123</ymax>
		</bndbox>
		<difficult>0</difficult>
	</object>
	<object>
		<name>head</name>
		<bndbox>
			<xmin>19</xmin>
			<ymin>88</ymin>
			<xmax>65</xmax>
			<ymax>136</ymax>
		</bndbox>
		<difficult>0</difficult>
	</object>
</annotation>
