<annotation>
	<folder>HollywoodHeads</folder>
	<filename>mov_004_105526.jpeg</filename>
	<source>
		<database>HollywoodHeads 2015 Database</database>
		<annotation>HollywoodHeads 2015</annotation>
		<image>WILLOW</image>
	</source>
	<size>
		<width>640</width>
		<height>360</height>
		<depth>3</depth>
	</size>
	<segmented>0</segmented>
	<object>
		<name>head</name>
		<bndbox>
			<xmin>464</xmin>
			<ymin>76</ymin>
			<xmax>580</xmax>
			<ymax>180</ymax>
		</bndbox>
		<difficult>0</difficult>
	</object>
	<object>
		<name>head</name>
		<bndbox>
			<xmin>90</xmin>
			<ymin>48</ymin>
			<xmax>202</xmax>
			<ymax>152</ymax>
		</bndbox>
		<difficult>0</difficult>
	</object>
	<object>
		<name>head</name>
		<bndbox>
			<xmin>318</xmin>
			<ymin>102</ymin>
			<xmax>390</xmax>
			<ymax>184</ymax>
		</bndbox>
		<difficult>0</difficult>
	</object>
</annotation>
