<annotation>
	<folder>HollywoodHeads</folder>
	<filename>mov_002_023743.jpeg</filename>
	<source>
		<database>HollywoodHeads 2015 Database</database>
		<annotation>HollywoodHeads 2015</annotation>
		<image>WILLOW</image>
	</source>
	<size>
		<width>704</width>
		<height>416</height>
		<depth>3</depth>
	</size>
	<segmented>0</segmented>
	<object>
		<name>head</name>
		<bndbox>
			<xmin>372</xmin>
			<ymin>86</ymin>
			<xmax>701</xmax>
			<ymax>411</ymax>
		</bndbox>
		<difficult>0</difficult>
	</object>
	<object>
		<name>head</name>
		<bndbox>
			<xmin>26</xmin>
			<ymin>5</ymin>
			<xmax>537</xmax>
			<ymax>355</ymax>
		</bndbox>
		<difficult>0</difficult>
	</object>
</annotation>
