<annotation>
	<folder>HollywoodHeads</folder>
	<filename>mov_003_118665.jpeg</filename>
	<source>
		<database>HollywoodHeads 2015 Database</database>
		<annotation>HollywoodHeads 2015</annotation>
		<image>WILLOW</image>
	</source>
	<size>
		<width>576</width>
		<height>304</height>
		<depth>3</depth>
	</size>
	<segmented>0</segmented>
	<object>
		<name>head</name>
		<bndbox>
			<xmin>394</xmin>
			<ymin>26</ymin>
			<xmax>449</xmax>
			<ymax>92</ymax>
		</bndbox>
		<difficult>0</difficult>
	</object>
	<object>
		<name>head</name>
		<bndbox>
			<xmin>66</xmin>
			<ymin>67</ymin>
			<xmax>105</xmax>
			<ymax>112</ymax>
		</bndbox>
		<difficult>0</difficult>
	</object>
</annotation>
