<annotation>
	<folder>HollywoodHeads</folder>
	<filename>mov_002_166609.jpeg</filename>
	<source>
		<database>HollywoodHeads 2015 Database</database>
		<annotation>HollywoodHeads 2015</annotation>
		<image>WILLOW</image>
	</source>
	<size>
		<width>704</width>
		<height>416</height>
		<depth>3</depth>
	</size>
	<segmented>0</segmented>
	<object>
		<name>head</name>
		<bndbox>
			<xmin>326</xmin>
			<ymin>122</ymin>
			<xmax>371</xmax>
			<ymax>175</ymax>
		</bndbox>
		<difficult>0</difficult>
	</object>
	<object>
		<name>head</name>
		<bndbox>
			<xmin>180</xmin>
			<ymin>88</ymin>
			<xmax>224</xmax>
			<ymax>150</ymax>
		</bndbox>
		<difficult>0</difficult>
	</object>
</annotation>
