<annotation>
	<folder>HollywoodHeads</folder>
	<filename>mov_006_115426.jpeg</filename>
	<source>
		<database>HollywoodHeads 2015 Database</database>
		<annotation>HollywoodHeads 2015</annotation>
		<image>WILLOW</image>
	</source>
	<size>
		<width>608</width>
		<height>256</height>
		<depth>3</depth>
	</size>
	<segmented>0</segmented>
	<object>
		<name>head</name>
		<bndbox>
			<xmin>212</xmin>
			<ymin>10</ymin>
			<xmax>310</xmax>
			<ymax>145</ymax>
		</bndbox>
		<difficult>0</difficult>
	</object>
	<object>
		<name>head</name>
		<bndbox>
			<xmin>325</xmin>
			<ymin>3</ymin>
			<xmax>524</xmax>
			<ymax>53</ymax>
		</bndbox>
		<difficult>0</difficult>
	</object>
</annotation>
