<annotation>
	<folder>HollywoodHeads</folder>
	<filename>mov_003_046483.jpeg</filename>
	<source>
		<database>HollywoodHeads 2015 Database</database>
		<annotation>HollywoodHeads 2015</annotation>
		<image>WILLOW</image>
	</source>
	<size>
		<width>576</width>
		<height>304</height>
		<depth>3</depth>
	</size>
	<segmented>0</segmented>
	<object>
		<name>head</name>
		<bndbox>
			<xmin>363</xmin>
			<ymin>140</ymin>
			<xmax>402</xmax>
			<ymax>182</ymax>
		</bndbox>
		<difficult>0</difficult>
	</object>
	<object>
		<name>head</name>
		<bndbox>
			<xmin>102</xmin>
			<ymin>145</ymin>
			<xmax>137</xmax>
			<ymax>183</ymax>
		</bndbox>
		<difficult>0</difficult>
	</object>
	<object>
		<name>head</name>
		<bndbox>
			<xmin>270</xmin>
			<ymin>135</ymin>
			<xmax>296</xmax>
			<ymax>166</ymax>
		</bndbox>
		<difficult>0</difficult>
	</object>
</annotation>
