<annotation>
	<folder>HollywoodHeads</folder>
	<filename>mov_002_147017.jpeg</filename>
	<source>
		<database>HollywoodHeads 2015 Database</database>
		<annotation>HollywoodHeads 2015</annotation>
		<image>WILLOW</image>
	</source>
	<size>
		<width>704</width>
		<height>416</height>
		<depth>3</depth>
	</size>
	<segmented>0</segmented>
	<object>
		<name>head</name>
		<bndbox>
			<xmin>371</xmin>
			<ymin>8</ymin>
			<xmax>700</xmax>
			<ymax>373</ymax>
		</bndbox>
		<difficult>0</difficult>
	</object>
	<object>
		<name>head</name>
		<bndbox>
			<xmin>210</xmin>
			<ymin>2</ymin>
			<xmax>492</xmax>
			<ymax>328</ymax>
		</bndbox>
		<difficult>0</difficult>
	</object>
</annotation>
