<annotation>
	<folder>HollywoodHeads</folder>
	<filename>mov_002_022371.jpeg</filename>
	<source>
		<database>HollywoodHeads 2015 Database</database>
		<annotation>HollywoodHeads 2015</annotation>
		<image>WILLOW</image>
	</source>
	<size>
		<width>704</width>
		<height>416</height>
		<depth>3</depth>
	</size>
	<segmented>0</segmented>
	<object>
		<name>head</name>
		<bndbox>
			<xmin>281</xmin>
			<ymin>8</ymin>
			<xmax>553</xmax>
			<ymax>276</ymax>
		</bndbox>
		<difficult>0</difficult>
	</object>
	<object>
		<name>head</name>
		<bndbox>
			<xmin>360</xmin>
			<ymin>147</ymin>
			<xmax>660</xmax>
			<ymax>405</ymax>
		</bndbox>
		<difficult>0</difficult>
	</object>
</annotation>
