<annotation>
	<folder>HollywoodHeads</folder>
	<filename>mov_005_005390.jpeg</filename>
	<source>
		<database>HollywoodHeads 2015 Database</database>
		<annotation>HollywoodHeads 2015</annotation>
		<image>WILLOW</image>
	</source>
	<size>
		<width>640</width>
		<height>304</height>
		<depth>3</depth>
	</size>
	<segmented>0</segmented>
	<object>
		<name>head</name>
		<bndbox>
			<xmin>133</xmin>
			<ymin>9</ymin>
			<xmax>291</xmax>
			<ymax>150</ymax>
		</bndbox>
		<difficult>0</difficult>
	</object>
	<object>
		<name>head</name>
		<bndbox>
			<xmin>434</xmin>
			<ymin>37</ymin>
			<xmax>508</xmax>
			<ymax>126</ymax>
		</bndbox>
		<difficult>0</difficult>
	</object>
</annotation>
