<annotation>
	<folder>HollywoodHeads</folder>
	<filename>mov_004_087158.jpeg</filename>
	<source>
		<database>HollywoodHeads 2015 Database</database>
		<annotation>HollywoodHeads 2015</annotation>
		<image>WILLOW</image>
	</source>
	<size>
		<width>640</width>
		<height>360</height>
		<depth>3</depth>
	</size>
	<segmented>0</segmented>
	<object>
		<name>head</name>
		<bndbox>
			<xmin>283</xmin>
			<ymin>81</ymin>
			<xmax>451</xmax>
			<ymax>247</ymax>
		</bndbox>
		<difficult>0</difficult>
	</object>
</annotation>
