<annotation>
	<folder>HollywoodHeads</folder>
	<filename>mov_005_154151.jpeg</filename>
	<source>
		<database>HollywoodHeads 2015 Database</database>
		<annotation>HollywoodHeads 2015</annotation>
		<image>WILLOW</image>
	</source>
	<size>
		<width>640</width>
		<height>304</height>
		<depth>3</depth>
	</size>
	<segmented>0</segmented>
	<object>
		<name>head</name>
		<bndbox>
			<xmin>315</xmin>
			<ymin>57</ymin>
			<xmax>516</xmax>
			<ymax>223</ymax>
		</bndbox>
		<difficult>0</difficult>
	</object>
	<object>
		<name>head</name>
		<bndbox>
			<xmin>401</xmin>
			<ymin>220</ymin>
			<xmax>606</xmax>
			<ymax>300</ymax>
		</bndbox>
		<difficult>0</difficult>
	</object>
</annotation>
