<annotation>
	<folder>HollywoodHeads</folder>
	<filename>mov_002_189834.jpeg</filename>
	<source>
		<database>HollywoodHeads 2015 Database</database>
		<annotation>HollywoodHeads 2015</annotation>
		<image>WILLOW</image>
	</source>
	<size>
		<width>704</width>
		<height>416</height>
		<depth>3</depth>
	</size>
	<segmented>0</segmented>
	<object>
		<name>head</name>
		<bndbox>
			<xmin>258</xmin>
			<ymin>1</ymin>
			<xmax>655</xmax>
			<ymax>397</ymax>
		</bndbox>
		<difficult>0</difficult>
	</object>
	<object>
		<name>head</name>
		<bndbox>
			<xmin>6</xmin>
			<ymin>6</ymin>
			<xmax>302</xmax>
			<ymax>374</ymax>
		</bndbox>
		<difficult>0</difficult>
	</object>
</annotation>
