<annotation>
	<folder>HollywoodHeads</folder>
	<filename>mov_003_122953.jpeg</filename>
	<source>
		<database>HollywoodHeads 2015 Database</database>
		<annotation>HollywoodHeads 2015</annotation>
		<image>WILLOW</image>
	</source>
	<size>
		<width>576</width>
		<height>304</height>
		<depth>3</depth>
	</size>
	<segmented>0</segmented>
	<object>
		<name>head</name>
		<bndbox>
			<xmin>101</xmin>
			<ymin>5</ymin>
			<xmax>259</xmax>
			<ymax>185</ymax>
		</bndbox>
		<difficult>0</difficult>
	</object>
	<object>
		<name>head</name>
		<bndbox>
			<xmin>335</xmin>
			<ymin>16</ymin>
			<xmax>518</xmax>
			<ymax>191</ymax>
		</bndbox>
		<difficult>0</difficult>
	</object>
</annotation>
