<annotation>
	<folder>HollywoodHeads</folder>
	<filename>mov_001_151268.jpeg</filename>
	<source>
		<database>HollywoodHeads 2015 Database</database>
		<annotation>HollywoodHeads 2015</annotation>
		<image>WILLOW</image>
	</source>
	<size>
		<width>528</width>
		<height>224</height>
		<depth>3</depth>
	</size>
	<segmented>0</segmented>
	<object>
		<name>head</name>
		<bndbox>
			<xmin>126</xmin>
			<ymin>14</ymin>
			<xmax>258</xmax>
			<ymax>164</ymax>
		</bndbox>
		<difficult>0</difficult>
	</object>
	<object>
		<name>head</name>
		<bndbox>
			<xmin>240</xmin>
			<ymin>1</ymin>
			<xmax>394</xmax>
			<ymax>145</ymax>
		</bndbox>
		<difficult>0</difficult>
	</object>
</annotation>
