<annotation>
	<folder>HollywoodHeads</folder>
	<filename>mov_005_143091.jpeg</filename>
	<source>
		<database>HollywoodHeads 2015 Database</database>
		<annotation>HollywoodHeads 2015</annotation>
		<image>WILLOW</image>
	</source>
	<size>
		<width>640</width>
		<height>304</height>
		<depth>3</depth>
	</size>
	<segmented>0</segmented>
	<object>
		<name>head</name>
		<bndbox>
			<xmin>263</xmin>
			<ymin>21</ymin>
			<xmax>428</xmax>
			<ymax>254</ymax>
		</bndbox>
		<difficult>0</difficult>
	</object>
	<object>
		<name>head</name>
		<bndbox>
			<xmin>105</xmin>
			<ymin>27</ymin>
			<xmax>304</xmax>
			<ymax>233</ymax>
		</bndbox>
		<difficult>0</difficult>
	</object>
</annotation>
