<annotation>
	<folder>HollywoodHeads</folder>
	<filename>mov_002_014350.jpeg</filename>
	<source>
		<database>HollywoodHeads 2015 Database</database>
		<annotation>HollywoodHeads 2015</annotation>
		<image>WILLOW</image>
	</source>
	<size>
		<width>704</width>
		<height>416</height>
		<depth>3</depth>
	</size>
	<segmented>0</segmented>
	<object>
		<name>head</name>
		<bndbox>
			<xmin>9</xmin>
			<ymin>7</ymin>
			<xmax>194</xmax>
			<ymax>396</ymax>
		</bndbox>
		<difficult>0</difficult>
	</object>
	<object>
		<name>head</name>
		<bndbox>
			<xmin>582</xmin>
			<ymin>113</ymin>
			<xmax>626</xmax>
			<ymax>168</ymax>
		</bndbox>
		<difficult>0</difficult>
	</object>
</annotation>
