<annotation>
	<folder>HollywoodHeads</folder>
	<filename>mov_005_154261.jpeg</filename>
	<source>
		<database>HollywoodHeads 2015 Database</database>
		<annotation>HollywoodHeads 2015</annotation>
		<image>WILLOW</image>
	</source>
	<size>
		<width>640</width>
		<height>304</height>
		<depth>3</depth>
	</size>
	<segmented>0</segmented>
	<object>
		<name>head</name>
		<bndbox>
			<xmin>442</xmin>
			<ymin>129</ymin>
			<xmax>502</xmax>
			<ymax>208</ymax>
		</bndbox>
		<difficult>0</difficult>
	</object>
	<object>
		<name>head</name>
		<bndbox>
			<xmin>455</xmin>
			<ymin>209</ymin>
			<xmax>528</xmax>
			<ymax>264</ymax>
		</bndbox>
		<difficult>0</difficult>
	</object>
</annotation>
