<annotation>
	<folder>HollywoodHeads</folder>
	<filename>mov_003_138231.jpeg</filename>
	<source>
		<database>HollywoodHeads 2015 Database</database>
		<annotation>HollywoodHeads 2015</annotation>
		<image>WILLOW</image>
	</source>
	<size>
		<width>576</width>
		<height>304</height>
		<depth>3</depth>
	</size>
	<segmented>0</segmented>
	<object>
		<name>head</name>
		<bndbox>
			<xmin>411</xmin>
			<ymin>118</ymin>
			<xmax>461</xmax>
			<ymax>172</ymax>
		</bndbox>
		<difficult>0</difficult>
	</object>
	<object>
		<name>head</name>
		<bndbox>
			<xmin>275</xmin>
			<ymin>129</ymin>
			<xmax>307</xmax>
			<ymax>168</ymax>
		</bndbox>
		<difficult>0</difficult>
	</object>
	<object>
		<name>head</name>
		<bndbox>
			<xmin>94</xmin>
			<ymin>105</ymin>
			<xmax>145</xmax>
			<ymax>160</ymax>
		</bndbox>
		<difficult>0</difficult>
	</object>
</annotation>
