<annotation>
	<folder>HollywoodHeads</folder>
	<filename>mov_005_005776.jpeg</filename>
	<source>
		<database>HollywoodHeads 2015 Database</database>
		<annotation>HollywoodHeads 2015</annotation>
		<image>WILLOW</image>
	</source>
	<size>
		<width>640</width>
		<height>304</height>
		<depth>3</depth>
	</size>
	<segmented>0</segmented>
	<object>
		<name>head</name>
		<bndbox>
			<xmin>225</xmin>
			<ymin>67</ymin>
			<xmax>281</xmax>
			<ymax>138</ymax>
		</bndbox>
		<difficult>0</difficult>
	</object>
	<object>
		<name>head</name>
		<bndbox>
			<xmin>196</xmin>
			<ymin>116</ymin>
			<xmax>256</xmax>
			<ymax>186</ymax>
		</bndbox>
		<difficult>0</difficult>
	</object>
	<object>
		<name>head</name>
		<bndbox>
			<xmin>80</xmin>
			<ymin>10</ymin>
			<xmax>124</xmax>
			<ymax>63</ymax>
		</bndbox>
		<difficult>0</difficult>
	</object>
	<object>
		<name>head</name>
		<bndbox>
			<xmin>391</xmin>
			<ymin>88</ymin>
			<xmax>472</xmax>
			<ymax>182</ymax>
		</bndbox>
		<difficult>0</difficult>
	</object>
</annotation>
