<annotation>
	<folder>HollywoodHeads</folder>
	<filename>mov_003_130185.jpeg</filename>
	<source>
		<database>HollywoodHeads 2015 Database</database>
		<annotation>HollywoodHeads 2015</annotation>
		<image>WILLOW</image>
	</source>
	<size>
		<width>576</width>
		<height>304</height>
		<depth>3</depth>
	</size>
	<segmented>0</segmented>
	<object>
		<name>head</name>
		<bndbox>
			<xmin>321</xmin>
			<ymin>20</ymin>
			<xmax>455</xmax>
			<ymax>212</ymax>
		</bndbox>
		<difficult>0</difficult>
	</object>
	<object>
		<name>head</name>
		<bndbox>
			<xmin>96</xmin>
			<ymin>146</ymin>
			<xmax>151</xmax>
			<ymax>202</ymax>
		</bndbox>
		<difficult>0</difficult>
	</object>
</annotation>
