<annotation>
	<folder>HollywoodHeads</folder>
	<filename>mov_001_053390.jpeg</filename>
	<source>
		<database>HollywoodHeads 2015 Database</database>
		<annotation>HollywoodHeads 2015</annotation>
		<image>WILLOW</image>
	</source>
	<size>
		<width>528</width>
		<height>224</height>
		<depth>3</depth>
	</size>
	<segmented>0</segmented>
	<object>
		<name>head</name>
		<bndbox>
			<xmin>112</xmin>
			<ymin>6</ymin>
			<xmax>342</xmax>
			<ymax>191</ymax>
		</bndbox>
		<difficult>0</difficult>
	</object>
	<object>
		<name>head</name>
		<bndbox>
			<xmin>134</xmin>
			<ymin>6</ymin>
			<xmax>369</xmax>
			<ymax>213</ymax>
		</bndbox>
		<difficult>1</difficult>
	</object>
</annotation>
