<annotation>
	<folder>HollywoodHeads</folder>
	<filename>mov_001_151493.jpeg</filename>
	<source>
		<database>HollywoodHeads 2015 Database</database>
		<annotation>HollywoodHeads 2015</annotation>
		<image>WILLOW</image>
	</source>
	<size>
		<width>528</width>
		<height>224</height>
		<depth>3</depth>
	</size>
	<segmented>0</segmented>
	<object>
		<name>head</name>
		<bndbox>
			<xmin>116</xmin>
			<ymin>15</ymin>
			<xmax>250</xmax>
			<ymax>167</ymax>
		</bndbox>
		<difficult>0</difficult>
	</object>
	<object>
		<name>head</name>
		<bndbox>
			<xmin>249</xmin>
			<ymin>2</ymin>
			<xmax>401</xmax>
			<ymax>147</ymax>
		</bndbox>
		<difficult>0</difficult>
	</object>
</annotation>
