<annotation>
	<folder>HollywoodHeads</folder>
	<filename>mov_003_082811.jpeg</filename>
	<source>
		<database>HollywoodHeads 2015 Database</database>
		<annotation>HollywoodHeads 2015</annotation>
		<image>WILLOW</image>
	</source>
	<size>
		<width>576</width>
		<height>304</height>
		<depth>3</depth>
	</size>
	<segmented>0</segmented>
	<object>
		<name>head</name>
		<bndbox>
			<xmin>80</xmin>
			<ymin>37</ymin>
			<xmax>103</xmax>
			<ymax>59</ymax>
		</bndbox>
		<difficult>0</difficult>
	</object>
	<object>
		<name>head</name>
		<bndbox>
			<xmin>407</xmin>
			<ymin>28</ymin>
			<xmax>433</xmax>
			<ymax>60</ymax>
		</bndbox>
		<difficult>0</difficult>
	</object>
	<object>
		<name>head</name>
		<bndbox>
			<xmin>350</xmin>
			<ymin>62</ymin>
			<xmax>376</xmax>
			<ymax>94</ymax>
		</bndbox>
		<difficult>0</difficult>
	</object>
</annotation>
