<annotation>
	<folder>HollywoodHeads</folder>
	<filename>mov_003_122096.jpeg</filename>
	<source>
		<database>HollywoodHeads 2015 Database</database>
		<annotation>HollywoodHeads 2015</annotation>
		<image>WILLOW</image>
	</source>
	<size>
		<width>576</width>
		<height>304</height>
		<depth>3</depth>
	</size>
	<segmented>0</segmented>
	<object>
		<name>head</name>
		<bndbox>
			<xmin>255</xmin>
			<ymin>18</ymin>
			<xmax>347</xmax>
			<ymax>130</ymax>
		</bndbox>
		<difficult>0</difficult>
	</object>
	<object>
		<name>head</name>
		<bndbox>
			<xmin>6</xmin>
			<ymin>123</ymin>
			<xmax>27</xmax>
			<ymax>152</ymax>
		</bndbox>
		<difficult>0</difficult>
	</object>
</annotation>
