<annotation>
	<folder>HollywoodHeads</folder>
	<filename>mov_001_083642.jpeg</filename>
	<source>
		<database>HollywoodHeads 2015 Database</database>
		<annotation>HollywoodHeads 2015</annotation>
		<image>WILLOW</image>
	</source>
	<size>
		<width>528</width>
		<height>224</height>
		<depth>3</depth>
	</size>
	<segmented>0</segmented>
	<object>
		<name>head</name>
		<bndbox>
			<xmin>139</xmin>
			<ymin>44</ymin>
			<xmax>217</xmax>
			<ymax>140</ymax>
		</bndbox>
		<difficult>0</difficult>
	</object>
	<object>
		<name>head</name>
		<bndbox>
			<xmin>345</xmin>
			<ymin>22</ymin>
			<xmax>449</xmax>
			<ymax>128</ymax>
		</bndbox>
		<difficult>0</difficult>
	</object>
</annotation>
