<annotation>
	<folder>HollywoodHeads</folder>
	<filename>mov_004_126500.jpeg</filename>
	<source>
		<database>HollywoodHeads 2015 Database</database>
		<annotation>HollywoodHeads 2015</annotation>
		<image>WILLOW</image>
	</source>
	<size>
		<width>640</width>
		<height>360</height>
		<depth>3</depth>
	</size>
	<segmented>0</segmented>
	<object>
		<name>head</name>
		<bndbox>
			<xmin>196</xmin>
			<ymin>130</ymin>
			<xmax>361</xmax>
			<ymax>291</ymax>
		</bndbox>
		<difficult>0</difficult>
	</object>
	<object>
		<name>head</name>
		<bndbox>
			<xmin>529</xmin>
			<ymin>98</ymin>
			<xmax>636</xmax>
			<ymax>250</ymax>
		</bndbox>
		<difficult>0</difficult>
	</object>
</annotation>
