<annotation>
	<folder>HollywoodHeads</folder>
	<filename>mov_002_097184.jpeg</filename>
	<source>
		<database>HollywoodHeads 2015 Database</database>
		<annotation>HollywoodHeads 2015</annotation>
		<image>WILLOW</image>
	</source>
	<size>
		<width>704</width>
		<height>416</height>
		<depth>3</depth>
	</size>
	<segmented>0</segmented>
	<object>
		<name>head</name>
		<bndbox>
			<xmin>365</xmin>
			<ymin>21</ymin>
			<xmax>458</xmax>
			<ymax>138</ymax>
		</bndbox>
		<difficult>0</difficult>
	</object>
	<object>
		<name>head</name>
		<bndbox>
			<xmin>275</xmin>
			<ymin>50</ymin>
			<xmax>343</xmax>
			<ymax>138</ymax>
		</bndbox>
		<difficult>0</difficult>
	</object>
</annotation>
