<annotation>
	<folder>HollywoodHeads</folder>
	<filename>mov_006_143009.jpeg</filename>
	<source>
		<database>HollywoodHeads 2015 Database</database>
		<annotation>HollywoodHeads 2015</annotation>
		<image>WILLOW</image>
	</source>
	<size>
		<width>608</width>
		<height>256</height>
		<depth>3</depth>
	</size>
	<segmented>0</segmented>
	<object>
		<name>head</name>
		<bndbox>
			<xmin>251</xmin>
			<ymin>107</ymin>
			<xmax>273</xmax>
			<ymax>135</ymax>
		</bndbox>
		<difficult>0</difficult>
	</object>
	<object>
		<name>head</name>
		<bndbox>
			<xmin>174</xmin>
			<ymin>113</ymin>
			<xmax>196</xmax>
			<ymax>141</ymax>
		</bndbox>
		<difficult>0</difficult>
	</object>
</annotation>
