<annotation>
	<folder>HollywoodHeads</folder>
	<filename>mov_001_053471.jpeg</filename>
	<source>
		<database>HollywoodHeads 2015 Database</database>
		<annotation>HollywoodHeads 2015</annotation>
		<image>WILLOW</image>
	</source>
	<size>
		<width>528</width>
		<height>224</height>
		<depth>3</depth>
	</size>
	<segmented>0</segmented>
	<object>
		<name>head</name>
		<bndbox>
			<xmin>214</xmin>
			<ymin>3</ymin>
			<xmax>493</xmax>
			<ymax>198</ymax>
		</bndbox>
		<difficult>0</difficult>
	</object>
	<object>
		<name>head</name>
		<bndbox>
			<xmin>6</xmin>
			<ymin>7</ymin>
			<xmax>252</xmax>
			<ymax>216</ymax>
		</bndbox>
		<difficult>0</difficult>
	</object>
</annotation>
