<annotation>
	<folder>HollywoodHeads</folder>
	<filename>mov_002_147266.jpeg</filename>
	<source>
		<database>HollywoodHeads 2015 Database</database>
		<annotation>HollywoodHeads 2015</annotation>
		<image>WILLOW</image>
	</source>
	<size>
		<width>704</width>
		<height>416</height>
		<depth>3</depth>
	</size>
	<segmented>0</segmented>
	<object>
		<name>head</name>
		<bndbox>
			<xmin>416</xmin>
			<ymin>8</ymin>
			<xmax>685</xmax>
			<ymax>341</ymax>
		</bndbox>
		<difficult>0</difficult>
	</object>
	<object>
		<name>head</name>
		<bndbox>
			<xmin>41</xmin>
			<ymin>48</ymin>
			<xmax>283</xmax>
			<ymax>366</ymax>
		</bndbox>
		<difficult>0</difficult>
	</object>
</annotation>
