<annotation>
	<folder>HollywoodHeads</folder>
	<filename>mov_004_149318.jpeg</filename>
	<source>
		<database>HollywoodHeads 2015 Database</database>
		<annotation>HollywoodHeads 2015</annotation>
		<image>WILLOW</image>
	</source>
	<size>
		<width>640</width>
		<height>360</height>
		<depth>3</depth>
	</size>
	<segmented>0</segmented>
	<object>
		<name>head</name>
		<bndbox>
			<xmin>92</xmin>
			<ymin>35</ymin>
			<xmax>264</xmax>
			<ymax>240</ymax>
		</bndbox>
		<difficult>0</difficult>
	</object>
	<object>
		<name>head</name>
		<bndbox>
			<xmin>449</xmin>
			<ymin>37</ymin>
			<xmax>605</xmax>
			<ymax>184</ymax>
		</bndbox>
		<difficult>0</difficult>
	</object>
</annotation>
