<annotation>
	<folder>HollywoodHeads</folder>
	<filename>mov_001_084137.jpeg</filename>
	<source>
		<database>HollywoodHeads 2015 Database</database>
		<annotation>HollywoodHeads 2015</annotation>
		<image>WILLOW</image>
	</source>
	<size>
		<width>528</width>
		<height>224</height>
		<depth>3</depth>
	</size>
	<segmented>0</segmented>
	<object>
		<name>head</name>
		<bndbox>
			<xmin>13</xmin>
			<ymin>28</ymin>
			<xmax>160</xmax>
			<ymax>191</ymax>
		</bndbox>
		<difficult>0</difficult>
	</object>
	<object>
		<name>head</name>
		<bndbox>
			<xmin>289</xmin>
			<ymin>3</ymin>
			<xmax>405</xmax>
			<ymax>116</ymax>
		</bndbox>
		<difficult>0</difficult>
	</object>
</annotation>
