<annotation>
	<folder>HollywoodHeads</folder>
	<filename>mov_003_011129.jpeg</filename>
	<source>
		<database>HollywoodHeads 2015 Database</database>
		<annotation>HollywoodHeads 2015</annotation>
		<image>WILLOW</image>
	</source>
	<size>
		<width>576</width>
		<height>304</height>
		<depth>3</depth>
	</size>
	<segmented>0</segmented>
	<object>
		<name>head</name>
		<bndbox>
			<xmin>414</xmin>
			<ymin>52</ymin>
			<xmax>471</xmax>
			<ymax>110</ymax>
		</bndbox>
		<difficult>0</difficult>
	</object>
</annotation>
