<annotation>
	<folder>HollywoodHeads</folder>
	<filename>mov_002_068087.jpeg</filename>
	<source>
		<database>HollywoodHeads 2015 Database</database>
		<annotation>HollywoodHeads 2015</annotation>
		<image>WILLOW</image>
	</source>
	<size>
		<width>704</width>
		<height>416</height>
		<depth>3</depth>
	</size>
	<segmented>0</segmented>
	<object>
		<name>head</name>
		<bndbox>
			<xmin>325</xmin>
			<ymin>126</ymin>
			<xmax>391</xmax>
			<ymax>216</ymax>
		</bndbox>
		<difficult>0</difficult>
	</object>
	<object>
		<name>head</name>
		<bndbox>
			<xmin>228</xmin>
			<ymin>61</ymin>
			<xmax>306</xmax>
			<ymax>164</ymax>
		</bndbox>
		<difficult>0</difficult>
	</object>
</annotation>
