<annotation>
	<folder>HollywoodHeads</folder>
	<filename>mov_003_160811.jpeg</filename>
	<source>
		<database>HollywoodHeads 2015 Database</database>
		<annotation>HollywoodHeads 2015</annotation>
		<image>WILLOW</image>
	</source>
	<size>
		<width>576</width>
		<height>304</height>
		<depth>3</depth>
	</size>
	<segmented>0</segmented>
	<object>
		<name>head</name>
		<bndbox>
			<xmin>187</xmin>
			<ymin>70</ymin>
			<xmax>267</xmax>
			<ymax>156</ymax>
		</bndbox>
		<difficult>0</difficult>
	</object>
	<object>
		<name>head</name>
		<bndbox>
			<xmin>270</xmin>
			<ymin>78</ymin>
			<xmax>397</xmax>
			<ymax>208</ymax>
		</bndbox>
		<difficult>0</difficult>
	</object>
</annotation>
