<annotation>
	<folder>HollywoodHeads</folder>
	<filename>mov_002_085847.jpeg</filename>
	<source>
		<database>HollywoodHeads 2015 Database</database>
		<annotation>HollywoodHeads 2015</annotation>
		<image>WILLOW</image>
	</source>
	<size>
		<width>704</width>
		<height>416</height>
		<depth>3</depth>
	</size>
	<segmented>0</segmented>
	<object>
		<name>head</name>
		<bndbox>
			<xmin>153</xmin>
			<ymin>284</ymin>
			<xmax>214</xmax>
			<ymax>367</ymax>
		</bndbox>
		<difficult>0</difficult>
	</object>
	<object>
		<name>head</name>
		<bndbox>
			<xmin>439</xmin>
			<ymin>4</ymin>
			<xmax>604</xmax>
			<ymax>216</ymax>
		</bndbox>
		<difficult>0</difficult>
	</object>
</annotation>
