<annotation>
	<folder>HollywoodHeads</folder>
	<filename>mov_002_121374.jpeg</filename>
	<source>
		<database>HollywoodHeads 2015 Database</database>
		<annotation>HollywoodHeads 2015</annotation>
		<image>WILLOW</image>
	</source>
	<size>
		<width>704</width>
		<height>416</height>
		<depth>3</depth>
	</size>
	<segmented>0</segmented>
	<object>
		<name>head</name>
		<bndbox>
			<xmin>121</xmin>
			<ymin>157</ymin>
			<xmax>181</xmax>
			<ymax>219</ymax>
		</bndbox>
		<difficult>0</difficult>
	</object>
	<object>
		<name>head</name>
		<bndbox>
			<xmin>359</xmin>
			<ymin>173</ymin>
			<xmax>420</xmax>
			<ymax>248</ymax>
		</bndbox>
		<difficult>0</difficult>
	</object>
	<object>
		<name>head</name>
		<bndbox>
			<xmin>632</xmin>
			<ymin>94</ymin>
			<xmax>682</xmax>
			<ymax>169</ymax>
		</bndbox>
		<difficult>0</difficult>
	</object>
</annotation>
