<annotation>
	<folder>HollywoodHeads</folder>
	<filename>mov_002_022558.jpeg</filename>
	<source>
		<database>HollywoodHeads 2015 Database</database>
		<annotation>HollywoodHeads 2015</annotation>
		<image>WILLOW</image>
	</source>
	<size>
		<width>704</width>
		<height>416</height>
		<depth>3</depth>
	</size>
	<segmented>0</segmented>
	<object>
		<name>head</name>
		<bndbox>
			<xmin>127</xmin>
			<ymin>50</ymin>
			<xmax>282</xmax>
			<ymax>201</ymax>
		</bndbox>
		<difficult>0</difficult>
	</object>
	<object>
		<name>head</name>
		<bndbox>
			<xmin>294</xmin>
			<ymin>46</ymin>
			<xmax>430</xmax>
			<ymax>190</ymax>
		</bndbox>
		<difficult>0</difficult>
	</object>
</annotation>
