<annotation>
	<folder>HollywoodHeads</folder>
	<filename>mov_004_149463.jpeg</filename>
	<source>
		<database>HollywoodHeads 2015 Database</database>
		<annotation>HollywoodHeads 2015</annotation>
		<image>WILLOW</image>
	</source>
	<size>
		<width>640</width>
		<height>360</height>
		<depth>3</depth>
	</size>
	<segmented>0</segmented>
	<object>
		<name>head</name>
		<bndbox>
			<xmin>44</xmin>
			<ymin>17</ymin>
			<xmax>221</xmax>
			<ymax>156</ymax>
		</bndbox>
		<difficult>0</difficult>
	</object>
	<object>
		<name>head</name>
		<bndbox>
			<xmin>370</xmin>
			<ymin>9</ymin>
			<xmax>538</xmax>
			<ymax>164</ymax>
		</bndbox>
		<difficult>0</difficult>
	</object>
	<object>
		<name>head</name>
		<bndbox>
			<xmin>5</xmin>
			<ymin>261</ymin>
			<xmax>124</xmax>
			<ymax>353</ymax>
		</bndbox>
		<difficult>0</difficult>
	</object>
</annotation>
