<annotation>
	<folder>HollywoodHeads</folder>
	<filename>mov_006_115482.jpeg</filename>
	<source>
		<database>HollywoodHeads 2015 Database</database>
		<annotation>HollywoodHeads 2015</annotation>
		<image>WILLOW</image>
	</source>
	<size>
		<width>608</width>
		<height>256</height>
		<depth>3</depth>
	</size>
	<segmented>0</segmented>
	<object>
		<name>head</name>
		<bndbox>
			<xmin>281</xmin>
			<ymin>19</ymin>
			<xmax>415</xmax>
			<ymax>177</ymax>
		</bndbox>
		<difficult>0</difficult>
	</object>
	<object>
		<name>head</name>
		<bndbox>
			<xmin>48</xmin>
			<ymin>99</ymin>
			<xmax>246</xmax>
			<ymax>252</ymax>
		</bndbox>
		<difficult>0</difficult>
	</object>
</annotation>
