<annotation>
	<folder>HollywoodHeads</folder>
	<filename>mov_003_107389.jpeg</filename>
	<source>
		<database>HollywoodHeads 2015 Database</database>
		<annotation>HollywoodHeads 2015</annotation>
		<image>WILLOW</image>
	</source>
	<size>
		<width>576</width>
		<height>304</height>
		<depth>3</depth>
	</size>
	<segmented>0</segmented>
	<object>
		<name>head</name>
		<bndbox>
			<xmin>195</xmin>
			<ymin>19</ymin>
			<xmax>371</xmax>
			<ymax>197</ymax>
		</bndbox>
		<difficult>0</difficult>
	</object>
	<object>
		<name>head</name>
		<bndbox>
			<xmin>84</xmin>
			<ymin>42</ymin>
			<xmax>270</xmax>
			<ymax>249</ymax>
		</bndbox>
		<difficult>0</difficult>
	</object>
</annotation>
