<annotation>
	<folder>HollywoodHeads</folder>
	<filename>mov_002_022252.jpeg</filename>
	<source>
		<database>HollywoodHeads 2015 Database</database>
		<annotation>HollywoodHeads 2015</annotation>
		<image>WILLOW</image>
	</source>
	<size>
		<width>704</width>
		<height>416</height>
		<depth>3</depth>
	</size>
	<segmented>0</segmented>
	<object>
		<name>head</name>
		<bndbox>
			<xmin>18</xmin>
			<ymin>3</ymin>
			<xmax>297</xmax>
			<ymax>246</ymax>
		</bndbox>
		<difficult>0</difficult>
	</object>
	<object>
		<name>head</name>
		<bndbox>
			<xmin>320</xmin>
			<ymin>44</ymin>
			<xmax>593</xmax>
			<ymax>371</ymax>
		</bndbox>
		<difficult>0</difficult>
	</object>
</annotation>
