<annotation>
	<folder>HollywoodHeads</folder>
	<filename>mov_001_128422.jpeg</filename>
	<source>
		<database>HollywoodHeads 2015 Database</database>
		<annotation>HollywoodHeads 2015</annotation>
		<image>WILLOW</image>
	</source>
	<size>
		<width>528</width>
		<height>224</height>
		<depth>3</depth>
	</size>
	<segmented>0</segmented>
	<object>
		<name>head</name>
		<bndbox>
			<xmin>336</xmin>
			<ymin>8</ymin>
			<xmax>479</xmax>
			<ymax>180</ymax>
		</bndbox>
		<difficult>0</difficult>
	</object>
	<object>
		<name>head</name>
		<bndbox>
			<xmin>5</xmin>
			<ymin>111</ymin>
			<xmax>54</xmax>
			<ymax>164</ymax>
		</bndbox>
		<difficult>0</difficult>
	</object>
</annotation>
