<annotation>
	<folder>HollywoodHeads</folder>
	<filename>mov_004_139577.jpeg</filename>
	<source>
		<database>HollywoodHeads 2015 Database</database>
		<annotation>HollywoodHeads 2015</annotation>
		<image>WILLOW</image>
	</source>
	<size>
		<width>640</width>
		<height>360</height>
		<depth>3</depth>
	</size>
	<segmented>0</segmented>
	<object>
		<name>head</name>
		<bndbox>
			<xmin>396</xmin>
			<ymin>101</ymin>
			<xmax>415</xmax>
			<ymax>122</ymax>
		</bndbox>
		<difficult>0</difficult>
	</object>
	<object>
		<name>head</name>
		<bndbox>
			<xmin>496</xmin>
			<ymin>88</ymin>
			<xmax>518</xmax>
			<ymax>113</ymax>
		</bndbox>
		<difficult>0</difficult>
	</object>
</annotation>
