<annotation>
	<folder>HollywoodHeads</folder>
	<filename>mov_004_105601.jpeg</filename>
	<source>
		<database>HollywoodHeads 2015 Database</database>
		<annotation>HollywoodHeads 2015</annotation>
		<image>WILLOW</image>
	</source>
	<size>
		<width>640</width>
		<height>360</height>
		<depth>3</depth>
	</size>
	<segmented>0</segmented>
	<object>
		<name>head</name>
		<bndbox>
			<xmin>460</xmin>
			<ymin>76</ymin>
			<xmax>575</xmax>
			<ymax>179</ymax>
		</bndbox>
		<difficult>0</difficult>
	</object>
	<object>
		<name>head</name>
		<bndbox>
			<xmin>84</xmin>
			<ymin>54</ymin>
			<xmax>195</xmax>
			<ymax>160</ymax>
		</bndbox>
		<difficult>0</difficult>
	</object>
	<object>
		<name>head</name>
		<bndbox>
			<xmin>334</xmin>
			<ymin>94</ymin>
			<xmax>405</xmax>
			<ymax>175</ymax>
		</bndbox>
		<difficult>0</difficult>
	</object>
</annotation>
