<annotation>
	<folder>HollywoodHeads</folder>
	<filename>mov_006_026927.jpeg</filename>
	<source>
		<database>HollywoodHeads 2015 Database</database>
		<annotation>HollywoodHeads 2015</annotation>
		<image>WILLOW</image>
	</source>
	<size>
		<width>608</width>
		<height>256</height>
		<depth>3</depth>
	</size>
	<segmented>0</segmented>
	<object>
		<name>head</name>
		<bndbox>
			<xmin>264</xmin>
			<ymin>50</ymin>
			<xmax>358</xmax>
			<ymax>174</ymax>
		</bndbox>
		<difficult>0</difficult>
	</object>
	<object>
		<name>head</name>
		<bndbox>
			<xmin>83</xmin>
			<ymin>37</ymin>
			<xmax>145</xmax>
			<ymax>173</ymax>
		</bndbox>
		<difficult>0</difficult>
	</object>
</annotation>
