<annotation>
	<folder>HollywoodHeads</folder>
	<filename>mov_001_083717.jpeg</filename>
	<source>
		<database>HollywoodHeads 2015 Database</database>
		<annotation>HollywoodHeads 2015</annotation>
		<image>WILLOW</image>
	</source>
	<size>
		<width>528</width>
		<height>224</height>
		<depth>3</depth>
	</size>
	<segmented>0</segmented>
	<object>
		<name>head</name>
		<bndbox>
			<xmin>127</xmin>
			<ymin>45</ymin>
			<xmax>205</xmax>
			<ymax>143</ymax>
		</bndbox>
		<difficult>0</difficult>
	</object>
	<object>
		<name>head</name>
		<bndbox>
			<xmin>341</xmin>
			<ymin>19</ymin>
			<xmax>445</xmax>
			<ymax>127</ymax>
		</bndbox>
		<difficult>0</difficult>
	</object>
</annotation>
