<annotation>
	<folder>HollywoodHeads</folder>
	<filename>mov_004_105024.jpeg</filename>
	<source>
		<database>HollywoodHeads 2015 Database</database>
		<annotation>HollywoodHeads 2015</annotation>
		<image>WILLOW</image>
	</source>
	<size>
		<width>640</width>
		<height>360</height>
		<depth>3</depth>
	</size>
	<segmented>0</segmented>
	<object>
		<name>head</name>
		<bndbox>
			<xmin>285</xmin>
			<ymin>74</ymin>
			<xmax>358</xmax>
			<ymax>146</ymax>
		</bndbox>
		<difficult>0</difficult>
	</object>
	<object>
		<name>head</name>
		<bndbox>
			<xmin>105</xmin>
			<ymin>149</ymin>
			<xmax>136</xmax>
			<ymax>182</ymax>
		</bndbox>
		<difficult>0</difficult>
	</object>
</annotation>
