<annotation>
	<folder>HollywoodHeads</folder>
	<filename>mov_004_148367.jpeg</filename>
	<source>
		<database>HollywoodHeads 2015 Database</database>
		<annotation>HollywoodHeads 2015</annotation>
		<image>WILLOW</image>
	</source>
	<size>
		<width>640</width>
		<height>360</height>
		<depth>3</depth>
	</size>
	<segmented>0</segmented>
	<object>
		<name>head</name>
		<bndbox>
			<xmin>207</xmin>
			<ymin>52</ymin>
			<xmax>304</xmax>
			<ymax>113</ymax>
		</bndbox>
		<difficult>0</difficult>
	</object>
	<object>
		<name>head</name>
		<bndbox>
			<xmin>533</xmin>
			<ymin>53</ymin>
			<xmax>573</xmax>
			<ymax>100</ymax>
		</bndbox>
		<difficult>0</difficult>
	</object>
</annotation>
