<annotation>
	<folder>HollywoodHeads</folder>
	<filename>mov_003_130410.jpeg</filename>
	<source>
		<database>HollywoodHeads 2015 Database</database>
		<annotation>HollywoodHeads 2015</annotation>
		<image>WILLOW</image>
	</source>
	<size>
		<width>576</width>
		<height>304</height>
		<depth>3</depth>
	</size>
	<segmented>0</segmented>
	<object>
		<name>head</name>
		<bndbox>
			<xmin>99</xmin>
			<ymin>101</ymin>
			<xmax>151</xmax>
			<ymax>155</ymax>
		</bndbox>
		<difficult>0</difficult>
	</object>
	<object>
		<name>head</name>
		<bndbox>
			<xmin>271</xmin>
			<ymin>5</ymin>
			<xmax>511</xmax>
			<ymax>248</ymax>
		</bndbox>
		<difficult>0</difficult>
	</object>
</annotation>
