<annotation>
	<folder>HollywoodHeads</folder>
	<filename>mov_003_082539.jpeg</filename>
	<source>
		<database>HollywoodHeads 2015 Database</database>
		<annotation>HollywoodHeads 2015</annotation>
		<image>WILLOW</image>
	</source>
	<size>
		<width>576</width>
		<height>304</height>
		<depth>3</depth>
	</size>
	<segmented>0</segmented>
	<object>
		<name>head</name>
		<bndbox>
			<xmin>95</xmin>
			<ymin>7</ymin>
			<xmax>258</xmax>
			<ymax>210</ymax>
		</bndbox>
		<difficult>0</difficult>
	</object>
</annotation>
