<annotation>
	<folder>HollywoodHeads</folder>
	<filename>mov_004_149648.jpeg</filename>
	<source>
		<database>HollywoodHeads 2015 Database</database>
		<annotation>HollywoodHeads 2015</annotation>
		<image>WILLOW</image>
	</source>
	<size>
		<width>640</width>
		<height>360</height>
		<depth>3</depth>
	</size>
	<segmented>0</segmented>
	<object>
		<name>head</name>
		<bndbox>
			<xmin>534</xmin>
			<ymin>33</ymin>
			<xmax>545</xmax>
			<ymax>41</ymax>
		</bndbox>
		<difficult>0</difficult>
	</object>
	<object>
		<name>head</name>
		<bndbox>
			<xmin>179</xmin>
			<ymin>231</ymin>
			<xmax>204</xmax>
			<ymax>259</ymax>
		</bndbox>
		<difficult>0</difficult>
	</object>
	<object>
		<name>head</name>
		<bndbox>
			<xmin>171.9421</xmin>
			<ymin>255.2727</ymin>
			<xmax>194.0579</xmax>
			<ymax>276.3884</ymax>
		</bndbox>
		<difficult>0</difficult>
	</object>
</annotation>
