<annotation>
	<folder>HollywoodHeads</folder>
	<filename>mov_001_011607.jpeg</filename>
	<source>
		<database>HollywoodHeads 2015 Database</database>
		<annotation>HollywoodHeads 2015</annotation>
		<image>WILLOW</image>
	</source>
	<size>
		<width>528</width>
		<height>224</height>
		<depth>3</depth>
	</size>
	<segmented>0</segmented>
	<object>
		<name>head</name>
		<bndbox>
			<xmin>405</xmin>
			<ymin>61</ymin>
			<xmax>446</xmax>
			<ymax>111</ymax>
		</bndbox>
		<difficult>0</difficult>
	</object>
	<object>
		<name>head</name>
		<bndbox>
			<xmin>252</xmin>
			<ymin>60</ymin>
			<xmax>282</xmax>
			<ymax>103</ymax>
		</bndbox>
		<difficult>0</difficult>
	</object>
	<object>
		<name>head</name>
		<bndbox>
			<xmin>47</xmin>
			<ymin>46</ymin>
			<xmax>93</xmax>
			<ymax>97</ymax>
		</bndbox>
		<difficult>0</difficult>
	</object>
</annotation>
