<annotation>
	<folder>HollywoodHeads</folder>
	<filename>mov_001_035613.jpeg</filename>
	<source>
		<database>HollywoodHeads 2015 Database</database>
		<annotation>HollywoodHeads 2015</annotation>
		<image>WILLOW</image>
	</source>
	<size>
		<width>528</width>
		<height>224</height>
		<depth>3</depth>
	</size>
	<segmented>0</segmented>
	<object>
		<name>head</name>
		<bndbox>
			<xmin>168</xmin>
			<ymin>9</ymin>
			<xmax>232</xmax>
			<ymax>101</ymax>
		</bndbox>
		<difficult>0</difficult>
	</object>
	<object>
		<name>head</name>
		<bndbox>
			<xmin>342</xmin>
			<ymin>28</ymin>
			<xmax>410</xmax>
			<ymax>132</ymax>
		</bndbox>
		<difficult>0</difficult>
	</object>
</annotation>
