<annotation>
	<folder>HollywoodHeads</folder>
	<filename>mov_005_048714.jpeg</filename>
	<source>
		<database>HollywoodHeads 2015 Database</database>
		<annotation>HollywoodHeads 2015</annotation>
		<image>WILLOW</image>
	</source>
	<size>
		<width>640</width>
		<height>304</height>
		<depth>3</depth>
	</size>
	<segmented>0</segmented>
	<object>
		<name>head</name>
		<bndbox>
			<xmin>255</xmin>
			<ymin>111</ymin>
			<xmax>322</xmax>
			<ymax>170</ymax>
		</bndbox>
		<difficult>0</difficult>
	</object>
	<object>
		<name>head</name>
		<bndbox>
			<xmin>126</xmin>
			<ymin>102</ymin>
			<xmax>198</xmax>
			<ymax>187</ymax>
		</bndbox>
		<difficult>0</difficult>
	</object>
	<object>
		<name>head</name>
		<bndbox>
			<xmin>391</xmin>
			<ymin>23</ymin>
			<xmax>457</xmax>
			<ymax>109</ymax>
		</bndbox>
		<difficult>0</difficult>
	</object>
</annotation>
