<annotation>
	<folder>HollywoodHeads</folder>
	<filename>mov_002_031029.jpeg</filename>
	<source>
		<database>HollywoodHeads 2015 Database</database>
		<annotation>HollywoodHeads 2015</annotation>
		<image>WILLOW</image>
	</source>
	<size>
		<width>704</width>
		<height>416</height>
		<depth>3</depth>
	</size>
	<segmented>0</segmented>
	<object>
		<name>head</name>
		<bndbox>
			<xmin>42</xmin>
			<ymin>9</ymin>
			<xmax>111</xmax>
			<ymax>104</ymax>
		</bndbox>
		<difficult>0</difficult>
	</object>
	<object>
		<name>head</name>
		<bndbox>
			<xmin>193</xmin>
			<ymin>47</ymin>
			<xmax>255</xmax>
			<ymax>133</ymax>
		</bndbox>
		<difficult>0</difficult>
	</object>
	<object>
		<name>head</name>
		<bndbox>
			<xmin>584</xmin>
			<ymin>158</ymin>
			<xmax>668</xmax>
			<ymax>229</ymax>
		</bndbox>
		<difficult>0</difficult>
	</object>
</annotation>
