<annotation>
	<folder>HollywoodHeads</folder>
	<filename>mov_002_121269.jpeg</filename>
	<source>
		<database>HollywoodHeads 2015 Database</database>
		<annotation>HollywoodHeads 2015</annotation>
		<image>WILLOW</image>
	</source>
	<size>
		<width>704</width>
		<height>416</height>
		<depth>3</depth>
	</size>
	<segmented>0</segmented>
	<object>
		<name>head</name>
		<bndbox>
			<xmin>129</xmin>
			<ymin>179</ymin>
			<xmax>192</xmax>
			<ymax>237</ymax>
		</bndbox>
		<difficult>0</difficult>
	</object>
	<object>
		<name>head</name>
		<bndbox>
			<xmin>198</xmin>
			<ymin>86</ymin>
			<xmax>266</xmax>
			<ymax>174</ymax>
		</bndbox>
		<difficult>0</difficult>
	</object>
	<object>
		<name>head</name>
		<bndbox>
			<xmin>421</xmin>
			<ymin>27</ymin>
			<xmax>499</xmax>
			<ymax>125</ymax>
		</bndbox>
		<difficult>0</difficult>
	</object>
</annotation>
