<annotation>
	<folder>HollywoodHeads</folder>
	<filename>mov_005_005585.jpeg</filename>
	<source>
		<database>HollywoodHeads 2015 Database</database>
		<annotation>HollywoodHeads 2015</annotation>
		<image>WILLOW</image>
	</source>
	<size>
		<width>640</width>
		<height>304</height>
		<depth>3</depth>
	</size>
	<segmented>0</segmented>
	<object>
		<name>head</name>
		<bndbox>
			<xmin>372</xmin>
			<ymin>99</ymin>
			<xmax>432</xmax>
			<ymax>168</ymax>
		</bndbox>
		<difficult>0</difficult>
	</object>
	<object>
		<name>head</name>
		<bndbox>
			<xmin>207</xmin>
			<ymin>90</ymin>
			<xmax>257</xmax>
			<ymax>155</ymax>
		</bndbox>
		<difficult>0</difficult>
	</object>
	<object>
		<name>head</name>
		<bndbox>
			<xmin>398</xmin>
			<ymin>57</ymin>
			<xmax>476</xmax>
			<ymax>152</ymax>
		</bndbox>
		<difficult>0</difficult>
	</object>
</annotation>
