<annotation>
	<folder>HollywoodHeads</folder>
	<filename>mov_007_001300.jpeg</filename>
	<source>
		<database>HollywoodHeads 2015 Database</database>
		<annotation>HollywoodHeads 2015</annotation>
		<image>WILLOW</image>
	</source>
	<size>
		<width>624</width>
		<height>304</height>
		<depth>3</depth>
	</size>
	<segmented>0</segmented>
	<object>
		<name>head</name>
		<bndbox>
			<xmin>252</xmin>
			<ymin>198</ymin>
			<xmax>328</xmax>
			<ymax>271</ymax>
		</bndbox>
		<difficult>0</difficult>
	</object>
</annotation>
