<annotation>
	<folder>HollywoodHeads</folder>
	<filename>mov_002_074769.jpeg</filename>
	<source>
		<database>HollywoodHeads 2015 Database</database>
		<annotation>HollywoodHeads 2015</annotation>
		<image>WILLOW</image>
	</source>
	<size>
		<width>704</width>
		<height>416</height>
		<depth>3</depth>
	</size>
	<segmented>0</segmented>
	<object>
		<name>head</name>
		<bndbox>
			<xmin>266</xmin>
			<ymin>55</ymin>
			<xmax>344</xmax>
			<ymax>149</ymax>
		</bndbox>
		<difficult>0</difficult>
	</object>
	<object>
		<name>head</name>
		<bndbox>
			<xmin>381</xmin>
			<ymin>68</ymin>
			<xmax>433</xmax>
			<ymax>141</ymax>
		</bndbox>
		<difficult>0</difficult>
	</object>
</annotation>
