<annotation>
	<folder>HollywoodHeads</folder>
	<filename>mov_003_046512.jpeg</filename>
	<source>
		<database>HollywoodHeads 2015 Database</database>
		<annotation>HollywoodHeads 2015</annotation>
		<image>WILLOW</image>
	</source>
	<size>
		<width>576</width>
		<height>304</height>
		<depth>3</depth>
	</size>
	<segmented>0</segmented>
	<object>
		<name>head</name>
		<bndbox>
			<xmin>379</xmin>
			<ymin>134</ymin>
			<xmax>417</xmax>
			<ymax>174</ymax>
		</bndbox>
		<difficult>0</difficult>
	</object>
	<object>
		<name>head</name>
		<bndbox>
			<xmin>87</xmin>
			<ymin>146</ymin>
			<xmax>122</xmax>
			<ymax>184</ymax>
		</bndbox>
		<difficult>0</difficult>
	</object>
	<object>
		<name>head</name>
		<bndbox>
			<xmin>268</xmin>
			<ymin>134</ymin>
			<xmax>295</xmax>
			<ymax>166</ymax>
		</bndbox>
		<difficult>0</difficult>
	</object>
</annotation>
