<annotation>
	<folder>HollywoodHeads</folder>
	<filename>mov_006_026480.jpeg</filename>
	<source>
		<database>HollywoodHeads 2015 Database</database>
		<annotation>HollywoodHeads 2015</annotation>
		<image>WILLOW</image>
	</source>
	<size>
		<width>608</width>
		<height>256</height>
		<depth>3</depth>
	</size>
	<segmented>0</segmented>
	<object>
		<name>head</name>
		<bndbox>
			<xmin>376</xmin>
			<ymin>19</ymin>
			<xmax>494</xmax>
			<ymax>161</ymax>
		</bndbox>
		<difficult>0</difficult>
	</object>
	<object>
		<name>head</name>
		<bndbox>
			<xmin>208</xmin>
			<ymin>36</ymin>
			<xmax>299</xmax>
			<ymax>145</ymax>
		</bndbox>
		<difficult>0</difficult>
	</object>
	<object>
		<name>head</name>
		<bndbox>
			<xmin>82</xmin>
			<ymin>83</ymin>
			<xmax>138</xmax>
			<ymax>146</ymax>
		</bndbox>
		<difficult>0</difficult>
	</object>
</annotation>
