<annotation>
	<folder>HollywoodHeads</folder>
	<filename>mov_004_148456.jpeg</filename>
	<source>
		<database>HollywoodHeads 2015 Database</database>
		<annotation>HollywoodHeads 2015</annotation>
		<image>WILLOW</image>
	</source>
	<size>
		<width>640</width>
		<height>360</height>
		<depth>3</depth>
	</size>
	<segmented>0</segmented>
	<object>
		<name>head</name>
		<bndbox>
			<xmin>152</xmin>
			<ymin>45</ymin>
			<xmax>326</xmax>
			<ymax>204</ymax>
		</bndbox>
		<difficult>0</difficult>
	</object>
	<object>
		<name>head</name>
		<bndbox>
			<xmin>113</xmin>
			<ymin>172</ymin>
			<xmax>308</xmax>
			<ymax>311</ymax>
		</bndbox>
		<difficult>0</difficult>
	</object>
</annotation>
