<annotation>
	<folder>HollywoodHeads</folder>
	<filename>mov_006_053295.jpeg</filename>
	<source>
		<database>HollywoodHeads 2015 Database</database>
		<annotation>HollywoodHeads 2015</annotation>
		<image>WILLOW</image>
	</source>
	<size>
		<width>608</width>
		<height>256</height>
		<depth>3</depth>
	</size>
	<segmented>0</segmented>
	<object>
		<name>head</name>
		<bndbox>
			<xmin>77</xmin>
			<ymin>11</ymin>
			<xmax>126</xmax>
			<ymax>63</ymax>
		</bndbox>
		<difficult>0</difficult>
	</object>
	<object>
		<name>head</name>
		<bndbox>
			<xmin>507</xmin>
			<ymin>68</ymin>
			<xmax>543</xmax>
			<ymax>110</ymax>
		</bndbox>
		<difficult>0</difficult>
	</object>
	<object>
		<name>head</name>
		<bndbox>
			<xmin>459</xmin>
			<ymin>74</ymin>
			<xmax>493</xmax>
			<ymax>117</ymax>
		</bndbox>
		<difficult>0</difficult>
	</object>
	<object>
		<name>head</name>
		<bndbox>
			<xmin>399</xmin>
			<ymin>86</ymin>
			<xmax>435</xmax>
			<ymax>131</ymax>
		</bndbox>
		<difficult>0</difficult>
	</object>
	<object>
		<name>head</name>
		<bndbox>
			<xmin>324</xmin>
			<ymin>98</ymin>
			<xmax>362</xmax>
			<ymax>147</ymax>
		</bndbox>
		<difficult>0</difficult>
	</object>
	<object>
		<name>head</name>
		<bndbox>
			<xmin>236</xmin>
			<ymin>103</ymin>
			<xmax>278</xmax>
			<ymax>156</ymax>
		</bndbox>
		<difficult>0</difficult>
	</object>
	<object>
		<name>head</name>
		<bndbox>
			<xmin>133</xmin>
			<ymin>122</ymin>
			<xmax>180</xmax>
			<ymax>182</ymax>
		</bndbox>
		<difficult>0</difficult>
	</object>
	<object>
		<name>head</name>
		<bndbox>
			<xmin>512</xmin>
			<ymin>3</ymin>
			<xmax>543</xmax>
			<ymax>28</ymax>
		</bndbox>
		<difficult>0</difficult>
	</object>
	<object>
		<name>head</name>
		<bndbox>
			<xmin>429</xmin>
			<ymin>29</ymin>
			<xmax>456</xmax>
			<ymax>65</ymax>
		</bndbox>
		<difficult>0</difficult>
	</object>
	<object>
		<name>head</name>
		<bndbox>
			<xmin>373</xmin>
			<ymin>29</ymin>
			<xmax>401</xmax>
			<ymax>68</ymax>
		</bndbox>
		<difficult>0</difficult>
	</object>
	<object>
		<name>head</name>
		<bndbox>
			<xmin>309</xmin>
			<ymin>39</ymin>
			<xmax>338</xmax>
			<ymax>82</ymax>
		</bndbox>
		<difficult>0</difficult>
	</object>
	<object>
		<name>head</name>
		<bndbox>
			<xmin>238</xmin>
			<ymin>37</ymin>
			<xmax>274</xmax>
			<ymax>82</ymax>
		</bndbox>
		<difficult>0</difficult>
	</object>
	<object>
		<name>head</name>
		<bndbox>
			<xmin>170</xmin>
			<ymin>46</ymin>
			<xmax>210</xmax>
			<ymax>99</ymax>
		</bndbox>
		<difficult>0</difficult>
	</object>
</annotation>
