<annotation>
	<folder>HollywoodHeads</folder>
	<filename>mov_007_075779.jpeg</filename>
	<source>
		<database>HollywoodHeads 2015 Database</database>
		<annotation>HollywoodHeads 2015</annotation>
		<image>WILLOW</image>
	</source>
	<size>
		<width>624</width>
		<height>304</height>
		<depth>3</depth>
	</size>
	<segmented>0</segmented>
	<object>
		<name>head</name>
		<bndbox>
			<xmin>212</xmin>
			<ymin>35</ymin>
			<xmax>304</xmax>
			<ymax>121</ymax>
		</bndbox>
		<difficult>0</difficult>
	</object>
	<object>
		<name>head</name>
		<bndbox>
			<xmin>392</xmin>
			<ymin>16</ymin>
			<xmax>548</xmax>
			<ymax>157</ymax>
		</bndbox>
		<difficult>0</difficult>
	</object>
</annotation>
