<annotation>
	<folder>HollywoodHeads</folder>
	<filename>mov_007_079233.jpeg</filename>
	<source>
		<database>HollywoodHeads 2015 Database</database>
		<annotation>HollywoodHeads 2015</annotation>
		<image>WILLOW</image>
	</source>
	<size>
		<width>624</width>
		<height>304</height>
		<depth>3</depth>
	</size>
	<segmented>0</segmented>
	<object>
		<name>head</name>
		<bndbox>
			<xmin>271</xmin>
			<ymin>41</ymin>
			<xmax>325</xmax>
			<ymax>100</ymax>
		</bndbox>
		<difficult>0</difficult>
	</object>
	<object>
		<name>head</name>
		<bndbox>
			<xmin>456</xmin>
			<ymin>35</ymin>
			<xmax>518</xmax>
			<ymax>98</ymax>
		</bndbox>
		<difficult>0</difficult>
	</object>
</annotation>
