<annotation>
	<folder>HollywoodHeads</folder>
	<filename>mov_001_125630.jpeg</filename>
	<source>
		<database>HollywoodHeads 2015 Database</database>
		<annotation>HollywoodHeads 2015</annotation>
		<image>WILLOW</image>
	</source>
	<size>
		<width>528</width>
		<height>224</height>
		<depth>3</depth>
	</size>
	<segmented>0</segmented>
	<object>
		<name>head</name>
		<bndbox>
			<xmin>2</xmin>
			<ymin>6</ymin>
			<xmax>151</xmax>
			<ymax>181</ymax>
		</bndbox>
		<difficult>0</difficult>
	</object>
	<object>
		<name>head</name>
		<bndbox>
			<xmin>209</xmin>
			<ymin>25</ymin>
			<xmax>297</xmax>
			<ymax>127</ymax>
		</bndbox>
		<difficult>0</difficult>
	</object>
</annotation>
