<annotation>
	<folder>HollywoodHeads</folder>
	<filename>mov_001_083778.jpeg</filename>
	<source>
		<database>HollywoodHeads 2015 Database</database>
		<annotation>HollywoodHeads 2015</annotation>
		<image>WILLOW</image>
	</source>
	<size>
		<width>528</width>
		<height>224</height>
		<depth>3</depth>
	</size>
	<segmented>0</segmented>
	<object>
		<name>head</name>
		<bndbox>
			<xmin>165</xmin>
			<ymin>59</ymin>
			<xmax>242</xmax>
			<ymax>158</ymax>
		</bndbox>
		<difficult>0</difficult>
	</object>
	<object>
		<name>head</name>
		<bndbox>
			<xmin>257</xmin>
			<ymin>5</ymin>
			<xmax>363</xmax>
			<ymax>113</ymax>
		</bndbox>
		<difficult>0</difficult>
	</object>
</annotation>
