<annotation>
	<folder>HollywoodHeads</folder>
	<filename>mov_001_145263.jpeg</filename>
	<source>
		<database>HollywoodHeads 2015 Database</database>
		<annotation>HollywoodHeads 2015</annotation>
		<image>WILLOW</image>
	</source>
	<size>
		<width>528</width>
		<height>224</height>
		<depth>3</depth>
	</size>
	<segmented>0</segmented>
	<object>
		<name>head</name>
		<bndbox>
			<xmin>108</xmin>
			<ymin>2</ymin>
			<xmax>294</xmax>
			<ymax>194</ymax>
		</bndbox>
		<difficult>0</difficult>
	</object>
	<object>
		<name>head</name>
		<bndbox>
			<xmin>281</xmin>
			<ymin>8</ymin>
			<xmax>486</xmax>
			<ymax>216</ymax>
		</bndbox>
		<difficult>0</difficult>
	</object>
</annotation>
