<annotation>
	<folder>HollywoodHeads</folder>
	<filename>mov_004_135729.jpeg</filename>
	<source>
		<database>HollywoodHeads 2015 Database</database>
		<annotation>HollywoodHeads 2015</annotation>
		<image>WILLOW</image>
	</source>
	<size>
		<width>640</width>
		<height>360</height>
		<depth>3</depth>
	</size>
	<segmented>0</segmented>
	<object>
		<name>head</name>
		<bndbox>
			<xmin>303</xmin>
			<ymin>97</ymin>
			<xmax>356</xmax>
			<ymax>140</ymax>
		</bndbox>
		<difficult>0</difficult>
	</object>
	<object>
		<name>head</name>
		<bndbox>
			<xmin>4</xmin>
			<ymin>36</ymin>
			<xmax>97</xmax>
			<ymax>169</ymax>
		</bndbox>
		<difficult>0</difficult>
	</object>
</annotation>
