<annotation>
	<folder>HollywoodHeads</folder>
	<filename>mov_005_091708.jpeg</filename>
	<source>
		<database>HollywoodHeads 2015 Database</database>
		<annotation>HollywoodHeads 2015</annotation>
		<image>WILLOW</image>
	</source>
	<size>
		<width>640</width>
		<height>304</height>
		<depth>3</depth>
	</size>
	<segmented>0</segmented>
	<object>
		<name>head</name>
		<bndbox>
			<xmin>281</xmin>
			<ymin>105</ymin>
			<xmax>334</xmax>
			<ymax>179</ymax>
		</bndbox>
		<difficult>0</difficult>
	</object>
	<object>
		<name>head</name>
		<bndbox>
			<xmin>165</xmin>
			<ymin>7</ymin>
			<xmax>304</xmax>
			<ymax>154</ymax>
		</bndbox>
		<difficult>0</difficult>
	</object>
</annotation>
