<annotation>
	<folder>HollywoodHeads</folder>
	<filename>mov_001_108804.jpeg</filename>
	<source>
		<database>HollywoodHeads 2015 Database</database>
		<annotation>HollywoodHeads 2015</annotation>
		<image>WILLOW</image>
	</source>
	<size>
		<width>528</width>
		<height>224</height>
		<depth>3</depth>
	</size>
	<segmented>0</segmented>
	<object>
		<name>head</name>
		<bndbox>
			<xmin>154</xmin>
			<ymin>24</ymin>
			<xmax>247</xmax>
			<ymax>128</ymax>
		</bndbox>
		<difficult>0</difficult>
	</object>
	<object>
		<name>head</name>
		<bndbox>
			<xmin>221</xmin>
			<ymin>44</ymin>
			<xmax>256</xmax>
			<ymax>83</ymax>
		</bndbox>
		<difficult>1</difficult>
	</object>
</annotation>
