<annotation>
	<folder>HollywoodHeads</folder>
	<filename>mov_002_147102.jpeg</filename>
	<source>
		<database>HollywoodHeads 2015 Database</database>
		<annotation>HollywoodHeads 2015</annotation>
		<image>WILLOW</image>
	</source>
	<size>
		<width>704</width>
		<height>416</height>
		<depth>3</depth>
	</size>
	<segmented>0</segmented>
	<object>
		<name>head</name>
		<bndbox>
			<xmin>262</xmin>
			<ymin>7</ymin>
			<xmax>653</xmax>
			<ymax>370</ymax>
		</bndbox>
		<difficult>0</difficult>
	</object>
	<object>
		<name>head</name>
		<bndbox>
			<xmin>5</xmin>
			<ymin>4</ymin>
			<xmax>353</xmax>
			<ymax>373</ymax>
		</bndbox>
		<difficult>0</difficult>
	</object>
</annotation>
