<annotation>
	<folder>HollywoodHeads</folder>
	<filename>mov_002_074802.jpeg</filename>
	<source>
		<database>HollywoodHeads 2015 Database</database>
		<annotation>HollywoodHeads 2015</annotation>
		<image>WILLOW</image>
	</source>
	<size>
		<width>704</width>
		<height>416</height>
		<depth>3</depth>
	</size>
	<segmented>0</segmented>
	<object>
		<name>head</name>
		<bndbox>
			<xmin>243</xmin>
			<ymin>42</ymin>
			<xmax>304</xmax>
			<ymax>125</ymax>
		</bndbox>
		<difficult>0</difficult>
	</object>
	<object>
		<name>head</name>
		<bndbox>
			<xmin>393</xmin>
			<ymin>41</ymin>
			<xmax>451</xmax>
			<ymax>121</ymax>
		</bndbox>
		<difficult>0</difficult>
	</object>
</annotation>
