<annotation>
	<folder>HollywoodHeads</folder>
	<filename>mov_007_043156.jpeg</filename>
	<source>
		<database>HollywoodHeads 2015 Database</database>
		<annotation>HollywoodHeads 2015</annotation>
		<image>WILLOW</image>
	</source>
	<size>
		<width>624</width>
		<height>304</height>
		<depth>3</depth>
	</size>
	<segmented>0</segmented>
	<object>
		<name>head</name>
		<bndbox>
			<xmin>110</xmin>
			<ymin>58</ymin>
			<xmax>214</xmax>
			<ymax>179</ymax>
		</bndbox>
		<difficult>0</difficult>
	</object>
	<object>
		<name>head</name>
		<bndbox>
			<xmin>338</xmin>
			<ymin>35</ymin>
			<xmax>491</xmax>
			<ymax>172</ymax>
		</bndbox>
		<difficult>0</difficult>
	</object>
</annotation>
