<annotation>
	<folder>HollywoodHeads</folder>
	<filename>mov_006_026095.jpeg</filename>
	<source>
		<database>HollywoodHeads 2015 Database</database>
		<annotation>HollywoodHeads 2015</annotation>
		<image>WILLOW</image>
	</source>
	<size>
		<width>608</width>
		<height>256</height>
		<depth>3</depth>
	</size>
	<segmented>0</segmented>
	<object>
		<name>head</name>
		<bndbox>
			<xmin>387</xmin>
			<ymin>12</ymin>
			<xmax>510</xmax>
			<ymax>161</ymax>
		</bndbox>
		<difficult>0</difficult>
	</object>
	<object>
		<name>head</name>
		<bndbox>
			<xmin>214</xmin>
			<ymin>20</ymin>
			<xmax>297</xmax>
			<ymax>118</ymax>
		</bndbox>
		<difficult>0</difficult>
	</object>
	<object>
		<name>head</name>
		<bndbox>
			<xmin>89</xmin>
			<ymin>71</ymin>
			<xmax>147</xmax>
			<ymax>134</ymax>
		</bndbox>
		<difficult>0</difficult>
	</object>
</annotation>
