<annotation>
	<folder>HollywoodHeads</folder>
	<filename>mov_002_118278.jpeg</filename>
	<source>
		<database>HollywoodHeads 2015 Database</database>
		<annotation>HollywoodHeads 2015</annotation>
		<image>WILLOW</image>
	</source>
	<size>
		<width>704</width>
		<height>416</height>
		<depth>3</depth>
	</size>
	<segmented>0</segmented>
	<object>
		<name>head</name>
		<bndbox>
			<xmin>164</xmin>
			<ymin>42</ymin>
			<xmax>320</xmax>
			<ymax>223</ymax>
		</bndbox>
		<difficult>0</difficult>
	</object>
	<object>
		<name>head</name>
		<bndbox>
			<xmin>279</xmin>
			<ymin>3</ymin>
			<xmax>519</xmax>
			<ymax>231</ymax>
		</bndbox>
		<difficult>0</difficult>
	</object>
</annotation>
