<annotation>
	<folder>HollywoodHeads</folder>
	<filename>mov_002_189995.jpeg</filename>
	<source>
		<database>HollywoodHeads 2015 Database</database>
		<annotation>HollywoodHeads 2015</annotation>
		<image>WILLOW</image>
	</source>
	<size>
		<width>704</width>
		<height>416</height>
		<depth>3</depth>
	</size>
	<segmented>0</segmented>
	<object>
		<name>head</name>
		<bndbox>
			<xmin>125</xmin>
			<ymin>48</ymin>
			<xmax>307</xmax>
			<ymax>285</ymax>
		</bndbox>
		<difficult>0</difficult>
	</object>
	<object>
		<name>head</name>
		<bndbox>
			<xmin>409</xmin>
			<ymin>12</ymin>
			<xmax>613</xmax>
			<ymax>259</ymax>
		</bndbox>
		<difficult>0</difficult>
	</object>
</annotation>
