<annotation>
	<folder>HollywoodHeads</folder>
	<filename>mov_005_154490.jpeg</filename>
	<source>
		<database>HollywoodHeads 2015 Database</database>
		<annotation>HollywoodHeads 2015</annotation>
		<image>WILLOW</image>
	</source>
	<size>
		<width>640</width>
		<height>304</height>
		<depth>3</depth>
	</size>
	<segmented>0</segmented>
	<object>
		<name>head</name>
		<bndbox>
			<xmin>439</xmin>
			<ymin>46</ymin>
			<xmax>495</xmax>
			<ymax>126</ymax>
		</bndbox>
		<difficult>0</difficult>
	</object>
	<object>
		<name>head</name>
		<bndbox>
			<xmin>456</xmin>
			<ymin>209</ymin>
			<xmax>531</xmax>
			<ymax>269</ymax>
		</bndbox>
		<difficult>0</difficult>
	</object>
</annotation>
