<annotation>
	<folder>HollywoodHeads</folder>
	<filename>mov_003_118774.jpeg</filename>
	<source>
		<database>HollywoodHeads 2015 Database</database>
		<annotation>HollywoodHeads 2015</annotation>
		<image>WILLOW</image>
	</source>
	<size>
		<width>576</width>
		<height>304</height>
		<depth>3</depth>
	</size>
	<segmented>0</segmented>
	<object>
		<name>head</name>
		<bndbox>
			<xmin>264</xmin>
			<ymin>7</ymin>
			<xmax>321</xmax>
			<ymax>75</ymax>
		</bndbox>
		<difficult>0</difficult>
	</object>
	<object>
		<name>head</name>
		<bndbox>
			<xmin>73</xmin>
			<ymin>30</ymin>
			<xmax>141</xmax>
			<ymax>98</ymax>
		</bndbox>
		<difficult>0</difficult>
	</object>
</annotation>
