<annotation>
	<folder>HollywoodHeads</folder>
	<filename>mov_004_127909.jpeg</filename>
	<source>
		<database>HollywoodHeads 2015 Database</database>
		<annotation>HollywoodHeads 2015</annotation>
		<image>WILLOW</image>
	</source>
	<size>
		<width>640</width>
		<height>360</height>
		<depth>3</depth>
	</size>
	<segmented>0</segmented>
	<object>
		<name>head</name>
		<bndbox>
			<xmin>144</xmin>
			<ymin>49</ymin>
			<xmax>255</xmax>
			<ymax>171</ymax>
		</bndbox>
		<difficult>0</difficult>
	</object>
	<object>
		<name>head</name>
		<bndbox>
			<xmin>381</xmin>
			<ymin>33</ymin>
			<xmax>495</xmax>
			<ymax>155</ymax>
		</bndbox>
		<difficult>0</difficult>
	</object>
</annotation>
