<annotation>
	<folder>HollywoodHeads</folder>
	<filename>mov_003_164906.jpeg</filename>
	<source>
		<database>HollywoodHeads 2015 Database</database>
		<annotation>HollywoodHeads 2015</annotation>
		<image>WILLOW</image>
	</source>
	<size>
		<width>576</width>
		<height>304</height>
		<depth>3</depth>
	</size>
	<segmented>0</segmented>
	<object>
		<name>head</name>
		<bndbox>
			<xmin>329</xmin>
			<ymin>92</ymin>
			<xmax>350</xmax>
			<ymax>119</ymax>
		</bndbox>
		<difficult>0</difficult>
	</object>
	<object>
		<name>head</name>
		<bndbox>
			<xmin>390</xmin>
			<ymin>95</ymin>
			<xmax>410</xmax>
			<ymax>122</ymax>
		</bndbox>
		<difficult>0</difficult>
	</object>
	<object>
		<name>head</name>
		<bndbox>
			<xmin>278</xmin>
			<ymin>97</ymin>
			<xmax>299</xmax>
			<ymax>123</ymax>
		</bndbox>
		<difficult>0</difficult>
	</object>
	<object>
		<name>head</name>
		<bndbox>
			<xmin>302</xmin>
			<ymin>97</ymin>
			<xmax>320</xmax>
			<ymax>122</ymax>
		</bndbox>
		<difficult>0</difficult>
	</object>
	<object>
		<name>head</name>
		<bndbox>
			<xmin>471</xmin>
			<ymin>114</ymin>
			<xmax>489</xmax>
			<ymax>137</ymax>
		</bndbox>
		<difficult>0</difficult>
	</object>
	<object>
		<name>head</name>
		<bndbox>
			<xmin>165</xmin>
			<ymin>127</ymin>
			<xmax>183</xmax>
			<ymax>147</ymax>
		</bndbox>
		<difficult>0</difficult>
	</object>
</annotation>
