<annotation>
	<folder>HollywoodHeads</folder>
	<filename>mov_001_108839.jpeg</filename>
	<source>
		<database>HollywoodHeads 2015 Database</database>
		<annotation>HollywoodHeads 2015</annotation>
		<image>WILLOW</image>
	</source>
	<size>
		<width>528</width>
		<height>224</height>
		<depth>3</depth>
	</size>
	<segmented>0</segmented>
	<object>
		<name>head</name>
		<bndbox>
			<xmin>258</xmin>
			<ymin>6</ymin>
			<xmax>326</xmax>
			<ymax>86</ymax>
		</bndbox>
		<difficult>0</difficult>
	</object>
	<object>
		<name>head</name>
		<bndbox>
			<xmin>218</xmin>
			<ymin>45</ymin>
			<xmax>251</xmax>
			<ymax>82</ymax>
		</bndbox>
		<difficult>0</difficult>
	</object>
</annotation>
