<annotation>
	<folder>HollywoodHeads</folder>
	<filename>mov_001_156210.jpeg</filename>
	<source>
		<database>HollywoodHeads 2015 Database</database>
		<annotation>HollywoodHeads 2015</annotation>
		<image>WILLOW</image>
	</source>
	<size>
		<width>528</width>
		<height>224</height>
		<depth>3</depth>
	</size>
	<segmented>0</segmented>
	<object>
		<name>head</name>
		<bndbox>
			<xmin>180</xmin>
			<ymin>8</ymin>
			<xmax>297</xmax>
			<ymax>165</ymax>
		</bndbox>
		<difficult>0</difficult>
	</object>
	<object>
		<name>head</name>
		<bndbox>
			<xmin>280</xmin>
			<ymin>18</ymin>
			<xmax>391</xmax>
			<ymax>145</ymax>
		</bndbox>
		<difficult>0</difficult>
	</object>
</annotation>
