<annotation>
	<folder>HollywoodHeads</folder>
	<filename>mov_004_127350.jpeg</filename>
	<source>
		<database>HollywoodHeads 2015 Database</database>
		<annotation>HollywoodHeads 2015</annotation>
		<image>WILLOW</image>
	</source>
	<size>
		<width>640</width>
		<height>360</height>
		<depth>3</depth>
	</size>
	<segmented>0</segmented>
	<object>
		<name>head</name>
		<bndbox>
			<xmin>160</xmin>
			<ymin>58</ymin>
			<xmax>281</xmax>
			<ymax>183</ymax>
		</bndbox>
		<difficult>0</difficult>
	</object>
	<object>
		<name>head</name>
		<bndbox>
			<xmin>368</xmin>
			<ymin>29</ymin>
			<xmax>485</xmax>
			<ymax>152</ymax>
		</bndbox>
		<difficult>0</difficult>
	</object>
</annotation>
