<annotation>
	<folder>HollywoodHeads</folder>
	<filename>mov_001_121510.jpeg</filename>
	<source>
		<database>HollywoodHeads 2015 Database</database>
		<annotation>HollywoodHeads 2015</annotation>
		<image>WILLOW</image>
	</source>
	<size>
		<width>528</width>
		<height>224</height>
		<depth>3</depth>
	</size>
	<segmented>0</segmented>
	<object>
		<name>head</name>
		<bndbox>
			<xmin>227</xmin>
			<ymin>58</ymin>
			<xmax>303</xmax>
			<ymax>153</ymax>
		</bndbox>
		<difficult>0</difficult>
	</object>
	<object>
		<name>head</name>
		<bndbox>
			<xmin>128</xmin>
			<ymin>29</ymin>
			<xmax>162</xmax>
			<ymax>71</ymax>
		</bndbox>
		<difficult>0</difficult>
	</object>
	<object>
		<name>head</name>
		<bndbox>
			<xmin>405</xmin>
			<ymin>23</ymin>
			<xmax>442</xmax>
			<ymax>69</ymax>
		</bndbox>
		<difficult>0</difficult>
	</object>
</annotation>
