<annotation>
	<folder>HollywoodHeads</folder>
	<filename>mov_003_160690.jpeg</filename>
	<source>
		<database>HollywoodHeads 2015 Database</database>
		<annotation>HollywoodHeads 2015</annotation>
		<image>WILLOW</image>
	</source>
	<size>
		<width>576</width>
		<height>304</height>
		<depth>3</depth>
	</size>
	<segmented>0</segmented>
	<object>
		<name>head</name>
		<bndbox>
			<xmin>404</xmin>
			<ymin>182</ymin>
			<xmax>465</xmax>
			<ymax>253</ymax>
		</bndbox>
		<difficult>0</difficult>
	</object>
	<object>
		<name>head</name>
		<bndbox>
			<xmin>166</xmin>
			<ymin>71</ymin>
			<xmax>210</xmax>
			<ymax>126</ymax>
		</bndbox>
		<difficult>0</difficult>
	</object>
</annotation>
