<annotation>
	<folder>HollywoodHeads</folder>
	<filename>mov_006_024898.jpeg</filename>
	<source>
		<database>HollywoodHeads 2015 Database</database>
		<annotation>HollywoodHeads 2015</annotation>
		<image>WILLOW</image>
	</source>
	<size>
		<width>608</width>
		<height>256</height>
		<depth>3</depth>
	</size>
	<segmented>0</segmented>
	<object>
		<name>head</name>
		<bndbox>
			<xmin>99</xmin>
			<ymin>35</ymin>
			<xmax>180</xmax>
			<ymax>124</ymax>
		</bndbox>
		<difficult>0</difficult>
	</object>
	<object>
		<name>head</name>
		<bndbox>
			<xmin>375</xmin>
			<ymin>35</ymin>
			<xmax>435</xmax>
			<ymax>110</ymax>
		</bndbox>
		<difficult>0</difficult>
	</object>
	<object>
		<name>head</name>
		<bndbox>
			<xmin>423</xmin>
			<ymin>53</ymin>
			<xmax>506</xmax>
			<ymax>131</ymax>
		</bndbox>
		<difficult>0</difficult>
	</object>
</annotation>
