<annotation>
	<folder>HollywoodHeads</folder>
	<filename>mov_002_153554.jpeg</filename>
	<source>
		<database>HollywoodHeads 2015 Database</database>
		<annotation>HollywoodHeads 2015</annotation>
		<image>WILLOW</image>
	</source>
	<size>
		<width>704</width>
		<height>416</height>
		<depth>3</depth>
	</size>
	<segmented>0</segmented>
	<object>
		<name>head</name>
		<bndbox>
			<xmin>5</xmin>
			<ymin>70</ymin>
			<xmax>104</xmax>
			<ymax>291</ymax>
		</bndbox>
		<difficult>0</difficult>
	</object>
	<object>
		<name>head</name>
		<bndbox>
			<xmin>580</xmin>
			<ymin>56</ymin>
			<xmax>615</xmax>
			<ymax>97</ymax>
		</bndbox>
		<difficult>0</difficult>
	</object>
</annotation>
