<annotation>
	<folder>HollywoodHeads</folder>
	<filename>mov_004_148310.jpeg</filename>
	<source>
		<database>HollywoodHeads 2015 Database</database>
		<annotation>HollywoodHeads 2015</annotation>
		<image>WILLOW</image>
	</source>
	<size>
		<width>640</width>
		<height>360</height>
		<depth>3</depth>
	</size>
	<segmented>0</segmented>
	<object>
		<name>head</name>
		<bndbox>
			<xmin>314</xmin>
			<ymin>88</ymin>
			<xmax>403</xmax>
			<ymax>147</ymax>
		</bndbox>
		<difficult>0</difficult>
	</object>
	<object>
		<name>head</name>
		<bndbox>
			<xmin>369</xmin>
			<ymin>65</ymin>
			<xmax>440</xmax>
			<ymax>118</ymax>
		</bndbox>
		<difficult>0</difficult>
	</object>
</annotation>
