<annotation>
	<folder>HollywoodHeads</folder>
	<filename>mov_006_115185.jpeg</filename>
	<source>
		<database>HollywoodHeads 2015 Database</database>
		<annotation>HollywoodHeads 2015</annotation>
		<image>WILLOW</image>
	</source>
	<size>
		<width>608</width>
		<height>256</height>
		<depth>3</depth>
	</size>
	<segmented>0</segmented>
	<object>
		<name>head</name>
		<bndbox>
			<xmin>198</xmin>
			<ymin>14</ymin>
			<xmax>249</xmax>
			<ymax>75</ymax>
		</bndbox>
		<difficult>0</difficult>
	</object>
	<object>
		<name>head</name>
		<bndbox>
			<xmin>399</xmin>
			<ymin>30</ymin>
			<xmax>466</xmax>
			<ymax>112</ymax>
		</bndbox>
		<difficult>0</difficult>
	</object>
</annotation>
