<annotation>
	<folder>HollywoodHeads</folder>
	<filename>mov_001_155190.jpeg</filename>
	<source>
		<database>HollywoodHeads 2015 Database</database>
		<annotation>HollywoodHeads 2015</annotation>
		<image>WILLOW</image>
	</source>
	<size>
		<width>528</width>
		<height>224</height>
		<depth>3</depth>
	</size>
	<segmented>0</segmented>
	<object>
		<name>head</name>
		<bndbox>
			<xmin>157</xmin>
			<ymin>4</ymin>
			<xmax>253</xmax>
			<ymax>94</ymax>
		</bndbox>
		<difficult>0</difficult>
	</object>
	<object>
		<name>head</name>
		<bndbox>
			<xmin>120</xmin>
			<ymin>95</ymin>
			<xmax>245</xmax>
			<ymax>219</ymax>
		</bndbox>
		<difficult>0</difficult>
	</object>
</annotation>
