<annotation>
	<folder>HollywoodHeads</folder>
	<filename>mov_002_009242.jpeg</filename>
	<source>
		<database>HollywoodHeads 2015 Database</database>
		<annotation>HollywoodHeads 2015</annotation>
		<image>WILLOW</image>
	</source>
	<size>
		<width>704</width>
		<height>416</height>
		<depth>3</depth>
	</size>
	<segmented>0</segmented>
	<object>
		<name>head</name>
		<bndbox>
			<xmin>105</xmin>
			<ymin>8</ymin>
			<xmax>207</xmax>
			<ymax>143</ymax>
		</bndbox>
		<difficult>0</difficult>
	</object>
	<object>
		<name>head</name>
		<bndbox>
			<xmin>512</xmin>
			<ymin>64</ymin>
			<xmax>584</xmax>
			<ymax>154</ymax>
		</bndbox>
		<difficult>0</difficult>
	</object>
</annotation>
