<annotation>
	<folder>HollywoodHeads</folder>
	<filename>mov_001_068987.jpeg</filename>
	<source>
		<database>HollywoodHeads 2015 Database</database>
		<annotation>HollywoodHeads 2015</annotation>
		<image>WILLOW</image>
	</source>
	<size>
		<width>528</width>
		<height>224</height>
		<depth>3</depth>
	</size>
	<segmented>0</segmented>
	<object>
		<name>head</name>
		<bndbox>
			<xmin>318</xmin>
			<ymin>27</ymin>
			<xmax>345</xmax>
			<ymax>66</ymax>
		</bndbox>
		<difficult>1</difficult>
	</object>
	<object>
		<name>head</name>
		<bndbox>
			<xmin>324</xmin>
			<ymin>31</ymin>
			<xmax>353</xmax>
			<ymax>69</ymax>
		</bndbox>
		<difficult>0</difficult>
	</object>
</annotation>
