<annotation>
	<folder>HollywoodHeads</folder>
	<filename>mov_005_106216.jpeg</filename>
	<source>
		<database>HollywoodHeads 2015 Database</database>
		<annotation>HollywoodHeads 2015</annotation>
		<image>WILLOW</image>
	</source>
	<size>
		<width>640</width>
		<height>304</height>
		<depth>3</depth>
	</size>
	<segmented>0</segmented>
	<object>
		<name>head</name>
		<bndbox>
			<xmin>368</xmin>
			<ymin>21</ymin>
			<xmax>425</xmax>
			<ymax>96</ymax>
		</bndbox>
		<difficult>0</difficult>
	</object>
	<object>
		<name>head</name>
		<bndbox>
			<xmin>113</xmin>
			<ymin>82</ymin>
			<xmax>209</xmax>
			<ymax>168</ymax>
		</bndbox>
		<difficult>0</difficult>
	</object>
</annotation>
