<annotation>
	<folder>HollywoodHeads</folder>
	<filename>mov_001_121466.jpeg</filename>
	<source>
		<database>HollywoodHeads 2015 Database</database>
		<annotation>HollywoodHeads 2015</annotation>
		<image>WILLOW</image>
	</source>
	<size>
		<width>528</width>
		<height>224</height>
		<depth>3</depth>
	</size>
	<segmented>0</segmented>
	<object>
		<name>head</name>
		<bndbox>
			<xmin>227</xmin>
			<ymin>58</ymin>
			<xmax>303</xmax>
			<ymax>151</ymax>
		</bndbox>
		<difficult>0</difficult>
	</object>
	<object>
		<name>head</name>
		<bndbox>
			<xmin>130</xmin>
			<ymin>29</ymin>
			<xmax>164</xmax>
			<ymax>72</ymax>
		</bndbox>
		<difficult>0</difficult>
	</object>
	<object>
		<name>head</name>
		<bndbox>
			<xmin>414</xmin>
			<ymin>32</ymin>
			<xmax>447</xmax>
			<ymax>70</ymax>
		</bndbox>
		<difficult>0</difficult>
	</object>
</annotation>
