<annotation>
	<folder>HollywoodHeads</folder>
	<filename>mov_005_091462.jpeg</filename>
	<source>
		<database>HollywoodHeads 2015 Database</database>
		<annotation>HollywoodHeads 2015</annotation>
		<image>WILLOW</image>
	</source>
	<size>
		<width>640</width>
		<height>304</height>
		<depth>3</depth>
	</size>
	<segmented>0</segmented>
	<object>
		<name>head</name>
		<bndbox>
			<xmin>242</xmin>
			<ymin>9</ymin>
			<xmax>373</xmax>
			<ymax>149</ymax>
		</bndbox>
		<difficult>0</difficult>
	</object>
	<object>
		<name>head</name>
		<bndbox>
			<xmin>361</xmin>
			<ymin>106</ymin>
			<xmax>435</xmax>
			<ymax>191</ymax>
		</bndbox>
		<difficult>0</difficult>
	</object>
</annotation>
