<annotation>
	<folder>HollywoodHeads</folder>
	<filename>mov_002_021990.jpeg</filename>
	<source>
		<database>HollywoodHeads 2015 Database</database>
		<annotation>HollywoodHeads 2015</annotation>
		<image>WILLOW</image>
	</source>
	<size>
		<width>704</width>
		<height>416</height>
		<depth>3</depth>
	</size>
	<segmented>0</segmented>
	<object>
		<name>head</name>
		<bndbox>
			<xmin>60</xmin>
			<ymin>5</ymin>
			<xmax>402</xmax>
			<ymax>220</ymax>
		</bndbox>
		<difficult>0</difficult>
	</object>
	<object>
		<name>head</name>
		<bndbox>
			<xmin>294</xmin>
			<ymin>59</ymin>
			<xmax>637</xmax>
			<ymax>412</ymax>
		</bndbox>
		<difficult>0</difficult>
	</object>
</annotation>
